RecordID,EmployeeID,DepartmentID,Year,Month,BaseSalary,Bonus,OvertimeHours,AbsenteeismDays,PerformanceRating,TrainingHours,AttritionFlag,WorkLifeBalanceScore,JobSatisfactionScore
1,1214,1,2022,7,30622,7399,3,0,3,35,0,1,3
2,1116,1,2022,7,108797,22722,26,4,3,24,0,2,5
3,1092,2,2022,1,118955,28508,22,1,3,28,1,3,2
4,1270,2,2024,11,116141,25117,28,5,5,10,1,2,1
5,1381,4,2024,6,119707,358,8,4,3,3,0,5,1
6,1168,5,2023,7,112700,849,6,3,4,13,0,5,5
7,1058,8,2024,11,104332,7498,3,5,4,37,0,3,2
8,1284,7,2023,6,91201,4522,4,4,3,16,0,2,2
9,1026,1,2023,6,57694,18928,4,0,4,1,0,3,2
10,1369,5,2024,2,114766,12773,10,7,5,7,0,2,3
11,1066,7,2024,6,47995,18215,27,6,3,35,0,2,5
12,1248,7,2023,4,117320,17856,15,0,5,9,0,5,1
13,1254,8,2024,9,105141,9628,29,5,3,6,1,4,2
14,1387,4,2022,12,107999,329,3,7,2,35,0,1,5
15,1044,7,2024,1,33419,5851,1,7,5,15,1,1,1
16,1097,8,2022,8,72952,7032,2,7,4,13,0,3,3
17,1042,7,2023,5,58837,15326,20,2,5,15,0,1,4
18,1227,1,2023,1,95799,5266,5,6,4,24,1,5,1
19,1262,1,2023,4,73877,4354,17,1,5,3,1,4,1
20,1167,6,2022,1,70687,22819,4,5,4,28,0,2,1
21,1279,5,2024,6,62276,24362,8,3,4,5,0,2,4
22,1089,3,2022,2,59523,20622,19,1,4,0,0,5,2
23,1379,8,2023,5,91055,22496,27,4,3,38,0,1,4
24,1178,2,2022,7,79615,28584,25,6,5,0,1,2,1
25,1197,8,2023,2,35514,15082,17,3,3,39,0,1,3
26,1307,3,2023,6,72456,4722,18,3,4,2,0,5,1
27,1267,5,2023,6,32233,17772,2,0,3,0,0,2,3
28,1268,2,2022,5,26102,20569,8,4,4,0,0,3,5
29,1074,3,2022,5,91133,8911,35,0,3,38,0,4,3
30,1008,6,2023,3,71715,3235,30,0,1,20,0,1,1
31,1297,2,2024,10,110193,4576,16,7,5,29,0,1,4
32,1164,1,2024,10,31256,26707,22,6,3,31,0,1,1
33,1085,3,2022,11,89800,1100,33,2,4,32,0,1,1
34,1072,8,2023,12,119937,8864,4,0,2,21,0,5,5
35,1055,2,2022,2,66548,8708,14,1,1,29,0,5,2
36,1393,6,2022,7,97090,18916,2,3,3,3,1,5,1
37,1047,8,2023,1,103200,24154,18,6,4,22,0,5,5
38,1399,7,2023,6,67367,20054,27,0,2,24,0,2,4
39,1238,2,2022,6,114922,17165,2,5,5,11,1,5,5
40,1104,2,2022,3,95382,14439,37,1,3,16,0,2,5
41,1210,6,2022,2,51205,19907,3,4,3,14,0,3,3
42,1042,7,2024,12,50570,11750,23,3,3,9,0,5,2
43,1316,3,2024,2,55255,22515,30,6,1,34,0,3,2
44,1268,4,2022,9,46182,26962,10,5,4,28,0,5,4
45,1386,3,2022,11,64373,21166,36,6,5,11,0,3,5
46,1263,7,2024,5,68019,9781,0,6,4,0,0,4,4
47,1336,5,2024,7,87619,4995,8,5,3,0,0,3,4
48,1387,8,2023,12,41043,17885,16,4,3,9,1,2,2
49,1365,6,2022,5,70532,11986,0,5,3,17,0,1,2
50,1259,3,2022,7,90936,12510,2,1,5,1,0,3,2
51,1283,2,2023,4,44239,19464,25,7,3,7,1,1,1
52,1114,6,2023,8,35416,9268,30,6,4,21,0,4,5
53,1363,1,2022,11,28412,25676,25,4,3,21,0,4,4
54,1040,7,2023,10,106976,502,22,6,3,25,1,2,5
55,1220,8,2022,11,49406,9531,29,5,3,25,0,2,4
56,1129,3,2024,10,26875,20269,9,4,2,8,0,3,4
57,1008,6,2023,7,62066,8009,7,4,4,20,1,5,4
58,1101,8,2022,10,30752,17007,24,0,3,30,0,4,4
59,1380,3,2023,5,111753,26462,21,0,4,5,0,1,3
60,1176,6,2023,11,103025,11542,14,7,2,13,1,5,3
61,1107,2,2024,6,26353,17434,9,0,5,32,0,4,1
62,1101,1,2023,5,51986,29765,19,5,3,6,1,3,2
63,1260,1,2022,7,111907,23769,22,3,5,23,0,4,4
64,1366,5,2024,12,39691,22465,0,1,4,8,0,2,5
65,1246,6,2022,2,94847,21868,1,5,5,10,0,1,3
66,1275,3,2024,5,73075,20156,18,6,3,22,0,1,2
67,1032,1,2023,10,35794,20300,13,0,4,1,0,2,1
68,1137,7,2023,3,93470,20402,7,4,3,14,0,5,2
69,1012,1,2022,9,41406,17713,37,5,3,34,0,2,4
70,1395,4,2023,6,100930,13435,11,4,3,35,0,1,2
71,1302,4,2024,10,51872,4114,25,7,3,27,0,3,4
72,1375,1,2024,3,66708,13568,26,6,5,38,0,5,3
73,1016,6,2022,7,45800,3367,28,4,2,3,1,4,3
74,1129,5,2022,4,68397,8095,14,4,4,9,0,3,4
75,1063,1,2024,3,62909,5141,0,7,4,5,0,5,5
76,1109,2,2024,8,46352,3951,27,2,4,29,1,1,3
77,1375,8,2022,4,118848,21468,2,3,4,34,0,1,5
78,1021,3,2023,11,40438,27073,17,1,2,9,0,3,4
79,1158,5,2023,1,113921,14887,33,1,4,31,0,5,4
80,1269,2,2024,6,69999,1573,31,0,3,2,1,4,3
81,1162,5,2022,10,43482,13359,28,2,5,25,0,4,5
82,1260,2,2022,11,57471,19018,24,5,4,14,0,2,4
83,1102,3,2024,11,72279,2768,25,7,5,16,1,3,3
84,1223,3,2022,1,79213,5302,38,5,1,26,1,5,4
85,1059,4,2023,5,38026,13746,7,1,3,17,0,3,2
86,1247,6,2023,7,110184,22634,18,3,3,18,0,4,2
87,1128,2,2023,6,30435,1211,21,4,1,11,1,5,3
88,1283,8,2023,2,33493,25351,28,6,3,23,0,1,4
89,1325,4,2023,11,97227,15445,32,0,4,4,0,1,3
90,1025,2,2022,4,84321,22339,37,3,3,23,0,5,1
91,1131,4,2023,11,27763,15815,34,1,4,26,0,3,3
92,1353,3,2024,2,45389,1160,2,2,5,29,0,3,3
93,1196,5,2024,11,56498,22361,18,0,4,14,0,1,2
94,1281,7,2022,1,88755,7041,9,7,3,37,0,1,2
95,1154,4,2022,3,60825,18767,26,1,3,33,0,4,4
96,1382,2,2022,3,41934,10846,14,5,3,26,0,5,3
97,1133,2,2023,12,30574,5876,10,0,3,19,0,3,3
98,1227,7,2023,7,63179,19924,25,7,4,31,0,4,4
99,1189,6,2023,1,26587,12889,23,1,3,3,0,3,5
100,1265,8,2022,9,67782,13882,12,5,5,4,0,1,4
101,1372,3,2022,11,79412,14738,31,6,4,7,0,5,2
102,1134,2,2023,6,85561,21019,36,5,4,21,0,2,2
103,1211,1,2023,4,102224,1095,3,4,3,6,1,5,3
104,1060,5,2022,3,29409,5901,12,7,3,21,1,2,2
105,1377,4,2023,3,96319,8215,8,7,4,29,0,4,4
106,1395,6,2022,2,51751,12911,33,2,3,36,0,2,3
107,1364,8,2024,2,63174,14123,36,7,3,15,0,2,4
108,1364,7,2024,12,81572,28132,6,4,3,14,0,4,4
109,1213,5,2022,10,86416,1079,0,1,3,4,0,5,3
110,1216,3,2022,5,37041,29657,11,6,4,2,0,4,5
111,1226,6,2023,9,48227,12510,20,3,3,22,0,1,2
112,1131,8,2022,2,60201,24754,10,6,4,9,0,1,1
113,1076,4,2023,2,61069,19231,13,6,3,4,0,2,1
114,1286,4,2024,12,107190,18344,33,7,4,22,0,4,1
115,1277,7,2023,6,51370,1473,33,6,5,14,0,4,2
116,1156,1,2024,10,36586,4888,24,7,5,17,0,4,5
117,1248,7,2023,2,75231,4979,3,4,3,24,0,5,4
118,1218,3,2022,12,30322,1212,25,3,1,7,0,3,3
119,1190,6,2024,4,90294,22081,15,5,3,30,0,3,5
120,1163,6,2023,6,104468,9001,9,7,4,20,1,3,1
121,1180,2,2023,5,54299,13248,1,1,4,1,0,5,2
122,1034,1,2022,1,115715,419,34,2,4,21,0,4,2
123,1041,1,2022,6,95793,15608,18,3,3,7,0,3,3
124,1307,6,2024,1,71501,3659,5,1,4,22,0,4,4
125,1338,6,2022,3,82134,5283,18,7,3,31,0,2,5
126,1314,5,2024,10,34777,28392,7,3,4,7,0,3,5
127,1075,8,2024,5,36249,25854,13,7,3,3,0,2,5
128,1279,5,2024,10,46390,10715,9,4,4,29,0,5,4
129,1176,5,2023,5,45369,16165,2,1,1,18,0,1,4
130,1384,1,2023,10,37881,26016,37,4,3,22,0,5,4
131,1150,2,2024,6,34587,1340,28,0,4,17,0,5,3
132,1273,4,2022,12,118800,26797,14,1,3,28,0,5,2
133,1325,5,2023,10,99327,14805,22,3,4,22,0,3,1
134,1108,2,2023,8,112911,10584,22,0,4,32,0,2,4
135,1139,7,2023,5,113147,14780,17,4,4,17,0,3,2
136,1350,3,2023,11,32833,5137,18,4,3,32,0,1,4
137,1271,5,2023,1,72013,21573,27,3,3,6,0,5,1
138,1347,7,2023,5,88620,17745,25,0,4,27,0,4,4
139,1289,4,2024,3,40754,591,9,6,3,0,0,1,2
140,1212,3,2022,4,103113,526,3,5,4,38,0,2,3
141,1381,3,2024,8,111784,7855,1,2,3,33,1,1,1
142,1272,4,2023,7,60282,10695,2,3,3,38,1,3,2
143,1066,5,2024,11,61737,1292,6,4,3,18,1,4,5
144,1248,1,2023,5,49124,18038,15,1,1,30,0,3,5
145,1156,4,2024,2,95102,29482,30,0,3,12,0,5,5
146,1047,4,2022,6,27196,16571,9,7,4,23,0,5,3
147,1201,4,2024,11,86527,19142,18,5,4,4,0,1,4
148,1148,3,2022,6,110395,25104,27,2,3,22,0,5,4
149,1124,8,2024,10,36345,8625,16,1,5,18,1,5,4
150,1001,2,2024,10,59077,6431,27,0,4,0,0,2,3
151,1247,7,2022,11,91400,22421,18,5,5,32,0,2,5
152,1343,1,2022,6,37055,15926,36,3,4,32,0,3,4
153,1128,5,2024,9,110283,11704,22,7,4,31,0,3,3
154,1191,5,2022,11,69484,26380,19,5,2,27,0,2,3
155,1067,7,2024,8,102514,24878,12,3,3,36,0,1,2
156,1004,2,2022,8,115135,20566,12,7,1,11,0,2,4
157,1303,4,2022,1,60771,23357,10,7,4,8,0,3,5
158,1294,8,2024,5,82654,437,14,6,3,10,0,4,1
159,1143,1,2023,7,71540,10780,16,0,4,32,0,5,3
160,1191,5,2024,6,108151,29717,27,7,3,18,0,4,2
161,1021,7,2023,5,54377,17216,18,5,4,33,0,4,1
162,1227,6,2023,8,74573,8988,3,7,2,6,0,5,3
163,1313,8,2023,3,67733,25135,21,2,3,30,1,2,2
164,1117,7,2023,6,36760,28164,21,5,3,1,0,1,4
165,1302,8,2023,5,50762,8953,36,0,3,18,0,4,2
166,1142,5,2023,8,75986,5794,38,1,3,37,0,1,3
167,1039,4,2023,4,59332,3574,33,1,4,31,0,3,4
168,1393,6,2022,8,65100,20169,32,5,2,9,0,4,5
169,1355,2,2024,10,29944,27090,39,5,3,7,0,3,2
170,1252,1,2022,2,73825,21604,32,3,4,25,0,2,1
171,1333,2,2023,9,38877,24134,11,0,2,29,0,4,4
172,1207,2,2022,9,54990,16301,1,3,5,10,0,3,4
173,1210,7,2023,10,80283,23202,27,2,5,19,0,3,5
174,1115,8,2024,10,28258,684,9,6,2,19,0,2,2
175,1225,1,2022,6,56629,29836,21,1,3,8,0,1,1
176,1134,1,2022,4,62579,4233,16,7,3,7,0,1,5
177,1251,5,2022,4,47958,16961,25,7,4,14,1,4,2
178,1219,5,2023,6,64465,12997,2,4,4,33,1,2,1
179,1091,1,2024,5,110853,8007,6,4,4,23,0,4,1
180,1354,6,2022,6,40775,16611,7,0,4,32,1,1,3
181,1376,3,2024,7,101575,2328,19,7,2,39,0,2,1
182,1046,5,2023,7,119633,19115,11,0,4,26,1,5,2
183,1038,3,2023,9,59207,9019,34,4,4,20,0,2,5
184,1142,7,2024,8,47553,16814,16,0,4,4,0,2,5
185,1100,6,2023,6,78632,9255,27,1,5,34,0,5,3
186,1328,1,2023,12,25055,18093,9,2,4,20,0,3,2
187,1190,6,2022,6,113697,5782,21,2,3,3,0,3,1
188,1035,5,2022,5,57873,1234,37,7,3,15,1,3,3
189,1147,2,2022,1,105720,24877,32,3,3,30,1,1,4
190,1030,7,2022,9,91205,5205,21,1,2,25,0,2,2
191,1334,1,2023,9,103199,1420,36,6,5,34,0,5,3
192,1084,4,2023,9,50318,29204,12,0,2,5,0,1,5
193,1369,7,2023,11,58734,17152,26,0,4,32,0,5,3
194,1281,8,2022,8,107227,22418,14,7,4,20,0,1,4
195,1344,3,2022,10,43522,9596,21,6,1,15,0,1,2
196,1270,6,2023,3,36656,25019,29,3,5,38,0,1,3
197,1154,1,2024,1,40893,19488,39,3,5,33,0,5,1
198,1102,7,2022,11,41493,4355,36,0,4,14,0,4,2
199,1215,6,2024,12,28632,19689,33,0,3,5,0,1,3
200,1150,1,2023,12,113648,17922,33,6,2,1,0,3,3
201,1083,5,2023,8,86779,28506,34,7,3,23,1,2,2
202,1110,7,2023,7,63452,17715,18,1,3,27,0,4,5
203,1387,5,2022,5,38266,24552,7,6,4,0,0,4,1
204,1275,7,2022,10,86607,23323,38,3,5,0,0,5,2
205,1201,5,2023,7,41940,8261,32,6,4,27,0,4,1
206,1284,8,2023,10,49003,13765,27,6,5,35,0,5,1
207,1173,6,2024,4,59815,21942,36,6,4,19,0,5,2
208,1327,4,2023,9,55869,5944,24,1,3,7,0,3,3
209,1206,7,2022,11,74297,28011,35,5,5,0,0,1,5
210,1063,8,2024,10,85107,7126,16,0,3,25,0,4,1
211,1073,7,2022,2,107793,16864,23,4,5,24,0,1,1
212,1251,5,2023,9,41682,5263,20,7,3,9,0,1,3
213,1124,1,2023,9,44622,20478,1,6,2,11,0,1,2
214,1375,7,2024,5,55408,22551,30,7,5,6,1,5,5
215,1121,8,2024,11,33837,15300,32,4,4,11,0,1,1
216,1275,5,2023,1,89210,28072,29,5,5,39,0,4,1
217,1398,2,2023,7,40407,2793,11,0,5,16,0,5,2
218,1120,5,2024,10,54309,2892,11,3,2,4,0,4,3
219,1317,6,2022,10,96918,1198,23,4,4,13,0,5,4
220,1164,4,2022,4,118190,24395,23,7,3,33,0,2,3
221,1286,2,2022,9,43895,18756,10,7,4,16,0,2,1
222,1265,6,2022,6,111912,18276,12,7,4,34,0,2,1
223,1320,6,2023,3,25370,22174,26,3,3,0,0,2,5
224,1161,6,2023,6,25486,1883,7,4,4,35,0,5,3
225,1376,1,2023,10,48762,21851,9,7,4,14,0,1,4
226,1308,6,2022,6,51613,797,7,3,2,18,1,3,5
227,1089,1,2024,5,28196,8209,19,6,4,4,0,3,4
228,1142,6,2023,2,119937,8235,7,7,4,18,0,2,5
229,1203,3,2023,10,101349,16538,8,4,5,38,0,1,3
230,1309,8,2023,10,89839,21346,6,3,3,4,0,4,1
231,1227,2,2023,2,66916,15257,13,5,2,11,0,1,4
232,1334,3,2022,7,33572,28024,27,1,4,18,1,4,3
233,1222,6,2022,2,53225,29414,1,3,2,11,0,3,4
234,1041,2,2024,12,70853,20464,7,1,5,35,0,1,3
235,1196,2,2024,6,74390,8050,12,1,1,11,0,1,5
236,1068,7,2023,5,57275,5947,20,0,4,17,0,3,3
237,1264,4,2022,4,97379,9617,27,6,4,33,0,1,5
238,1002,3,2023,7,26105,20704,34,5,3,32,0,4,1
239,1361,4,2024,8,84896,28888,22,1,2,17,0,1,5
240,1125,2,2024,4,68209,28215,14,2,4,28,0,4,2
241,1110,1,2022,1,67487,28702,1,6,4,4,0,2,1
242,1086,2,2022,1,43051,1892,11,1,3,24,1,1,3
243,1120,4,2024,1,119244,29754,35,3,5,23,0,4,3
244,1127,3,2023,11,102400,25473,2,1,3,28,0,3,2
245,1255,6,2022,1,91961,3424,4,3,3,37,0,2,3
246,1183,7,2022,5,85156,29116,2,7,4,32,0,1,1
247,1016,7,2023,4,82175,9450,18,3,2,9,0,4,1
248,1062,7,2024,9,31849,13418,1,2,5,36,0,1,5
249,1369,6,2024,3,43976,29886,36,1,3,32,0,4,4
250,1158,7,2023,7,81866,2015,16,1,2,22,1,1,3
251,1268,3,2023,11,72078,23057,13,4,3,10,0,2,2
252,1035,6,2022,8,56113,22416,27,6,4,23,0,2,1
253,1267,7,2023,6,40401,4833,26,4,4,23,0,1,1
254,1064,6,2023,12,37884,9894,9,0,4,6,0,1,1
255,1050,4,2023,10,109360,15942,2,3,2,20,0,5,4
256,1255,8,2023,1,62563,9065,35,2,3,19,0,1,4
257,1149,8,2022,8,59414,565,37,4,4,9,0,1,3
258,1325,3,2022,10,41142,7412,24,1,2,24,1,2,2
259,1304,5,2023,3,96492,18402,21,0,5,35,0,1,4
260,1276,1,2022,8,104464,10077,38,2,2,14,0,3,5
261,1357,7,2022,12,100257,10315,29,5,4,39,0,1,4
262,1172,1,2024,4,101693,12834,20,1,3,39,1,5,1
263,1201,6,2023,8,60135,2314,29,1,4,5,1,4,2
264,1393,1,2023,11,97232,4412,27,7,3,36,0,2,3
265,1324,3,2024,1,52862,3883,30,5,2,1,0,3,4
266,1035,3,2024,3,30190,11384,25,3,3,11,0,4,1
267,1216,2,2023,6,95199,10051,21,3,2,3,0,3,5
268,1065,8,2024,9,29331,8216,20,4,3,22,0,2,5
269,1008,7,2023,2,77186,11695,0,4,4,12,1,5,3
270,1301,2,2023,11,69648,28831,36,1,4,16,0,2,3
271,1343,1,2023,1,53549,23123,12,6,4,30,0,3,4
272,1332,5,2023,10,106782,25713,20,1,4,15,0,3,3
273,1076,2,2023,3,50761,7902,8,4,4,25,0,2,1
274,1174,2,2023,4,28262,13187,16,5,3,27,0,1,1
275,1047,3,2022,11,76259,17573,20,4,3,0,0,2,1
276,1015,5,2023,5,97572,23540,30,1,3,11,1,5,4
277,1361,6,2022,3,78472,29374,38,2,4,36,0,2,4
278,1147,1,2023,10,112858,23726,21,1,3,19,0,4,3
279,1026,2,2023,11,109667,12288,11,2,1,1,0,1,4
280,1308,5,2024,2,29677,14210,5,2,4,35,0,4,1
281,1093,8,2024,2,98508,6884,15,1,3,14,1,2,2
282,1232,7,2024,7,105865,19541,25,6,5,37,0,1,1
283,1021,5,2023,9,75617,10559,4,6,5,21,0,4,2
284,1307,8,2024,10,111029,21904,8,0,2,31,0,4,3
285,1038,1,2023,2,43595,29053,39,4,2,19,0,1,5
286,1276,5,2022,7,112459,18125,13,6,3,35,0,1,4
287,1157,8,2022,7,85148,3688,29,3,4,32,0,3,4
288,1179,5,2022,11,71926,23869,25,1,3,14,0,1,1
289,1132,5,2023,7,100271,14114,28,2,4,2,1,2,1
290,1311,7,2023,3,59457,5369,18,1,4,28,0,5,2
291,1348,8,2024,12,67531,22028,7,4,3,26,0,3,4
292,1028,8,2022,7,98263,11938,22,5,1,4,0,1,3
293,1260,2,2022,1,98300,25473,34,6,4,30,1,5,1
294,1076,1,2024,10,88171,4023,30,6,3,21,0,3,4
295,1067,7,2022,1,70771,15982,34,6,4,34,0,2,5
296,1342,5,2023,5,118135,17100,31,2,3,6,0,5,2
297,1194,5,2023,2,91354,3967,4,3,4,5,0,1,1
298,1162,2,2023,9,62289,7423,15,7,5,25,0,1,1
299,1347,1,2022,7,58892,6450,16,3,5,0,1,2,3
300,1361,3,2022,4,96196,12213,31,6,3,18,0,3,1
301,1257,7,2022,4,63409,3215,37,3,3,6,0,5,4
302,1072,2,2023,2,59470,24209,31,5,4,35,0,2,4
303,1087,1,2023,5,43385,390,19,6,3,11,0,3,4
304,1262,7,2022,4,48296,28460,1,0,3,19,0,4,5
305,1214,5,2023,12,86716,26275,19,2,5,22,0,4,5
306,1153,1,2024,1,114152,19421,17,5,3,24,0,3,1
307,1210,1,2022,12,51382,232,0,7,1,29,0,1,5
308,1061,6,2023,8,101675,26502,28,2,1,28,0,1,5
309,1268,1,2023,3,47419,19515,28,7,4,30,0,4,3
310,1262,3,2022,6,118321,29991,18,6,4,17,0,1,5
311,1218,1,2023,4,106238,7634,39,5,3,18,1,1,2
312,1283,3,2023,9,119753,11498,5,6,3,3,1,3,2
313,1136,5,2024,7,64291,10916,38,7,3,0,0,3,2
314,1380,3,2024,9,37397,29377,7,7,4,14,0,1,1
315,1362,7,2023,10,82888,233,23,5,2,7,0,3,4
316,1093,5,2024,3,60169,1391,19,6,5,14,0,5,3
317,1109,5,2023,1,87182,11084,13,0,3,14,0,4,1
318,1241,3,2023,5,117476,9447,4,2,5,38,0,5,4
319,1355,8,2023,3,67249,14184,39,5,3,21,0,5,3
320,1142,2,2022,6,53341,27114,33,0,4,17,1,1,3
321,1291,4,2024,8,100603,11882,15,1,3,15,0,1,3
322,1237,8,2023,11,71144,14838,6,6,2,1,0,5,2
323,1340,1,2023,4,86772,17273,15,4,5,35,0,5,2
324,1312,6,2024,5,104360,7902,6,5,5,19,0,2,2
325,1177,4,2022,5,38444,12879,26,3,3,15,0,2,3
326,1141,1,2023,4,70647,17129,13,0,4,2,0,4,3
327,1189,8,2022,4,35974,9911,13,0,4,29,0,5,2
328,1049,8,2024,4,63383,427,32,5,5,1,0,3,3
329,1302,1,2024,4,119826,731,32,7,3,34,0,2,2
330,1369,5,2023,4,106552,799,19,0,4,25,0,1,2
331,1190,1,2023,5,119049,22891,35,1,3,4,0,5,2
332,1136,6,2023,2,27956,28873,6,0,3,1,1,3,4
333,1043,8,2024,2,33077,7025,31,4,5,19,0,3,3
334,1380,1,2023,9,61490,14481,2,4,3,33,0,3,1
335,1353,3,2023,2,80612,25411,38,7,2,33,0,1,2
336,1090,4,2024,6,61159,7624,28,6,4,19,0,2,1
337,1295,3,2022,2,64710,24710,23,6,4,24,0,3,4
338,1341,6,2022,5,108536,14961,21,7,3,19,1,2,3
339,1245,1,2023,4,38806,21767,5,3,3,24,0,4,2
340,1192,7,2024,12,103345,22591,23,1,5,13,0,1,2
341,1318,6,2023,7,105391,18922,39,4,3,38,0,2,2
342,1106,5,2022,7,119924,20102,22,7,4,11,0,2,1
343,1363,3,2023,6,31458,8232,37,5,4,4,0,3,4
344,1310,3,2023,10,60524,3367,9,2,3,1,0,3,3
345,1382,2,2022,5,31853,21392,15,2,5,15,0,1,4
346,1233,1,2023,1,65477,13262,10,2,4,29,0,2,2
347,1265,5,2024,12,57222,5229,31,6,3,37,1,5,4
348,1344,7,2023,3,43320,23772,5,5,4,23,0,3,1
349,1037,3,2023,9,119154,18799,23,0,4,29,0,3,5
350,1305,3,2023,1,77243,13747,32,5,4,36,0,4,5
351,1041,5,2022,5,70615,23555,11,0,5,38,0,1,3
352,1017,6,2024,2,42352,26616,26,2,3,10,0,2,3
353,1344,6,2023,4,97833,28915,37,3,3,13,0,2,4
354,1277,1,2023,11,118476,19333,17,3,3,22,0,2,3
355,1307,8,2023,1,28203,4261,38,7,1,15,0,3,1
356,1059,2,2023,3,64267,21529,12,0,1,20,0,1,2
357,1183,3,2023,10,62941,3466,39,2,5,3,0,2,2
358,1041,8,2022,7,107809,13785,29,5,4,32,0,5,4
359,1039,8,2024,10,50368,3088,12,3,4,13,0,4,2
360,1397,2,2024,3,102186,13015,33,0,4,18,0,4,4
361,1192,8,2023,4,55984,1115,35,7,4,4,0,2,3
362,1267,8,2024,2,66941,4578,29,5,3,35,0,3,3
363,1147,6,2022,3,97918,2590,24,2,5,30,0,4,1
364,1395,6,2023,9,77683,7372,1,1,3,17,1,4,2
365,1333,4,2023,3,25801,3573,35,2,5,30,0,4,1
366,1127,7,2023,11,72965,2978,17,6,4,29,0,4,5
367,1046,1,2023,5,110269,10639,4,2,3,20,0,2,1
368,1045,8,2023,2,34969,9422,18,7,4,29,0,1,4
369,1001,4,2022,4,60969,10858,17,5,4,3,0,1,4
370,1168,7,2023,12,107269,23697,31,7,2,4,0,3,1
371,1108,4,2022,7,57449,23406,20,5,4,9,0,5,3
372,1019,4,2024,7,116679,4975,9,4,3,26,0,1,5
373,1332,1,2022,12,50705,4925,36,4,2,15,0,5,1
374,1072,1,2022,3,85303,24431,21,5,5,29,0,1,3
375,1109,5,2023,5,53363,24474,12,5,4,12,0,1,1
376,1268,2,2023,1,55720,29430,16,1,5,35,0,3,2
377,1240,2,2024,10,34972,28834,8,1,4,20,0,4,4
378,1301,5,2023,10,58351,24435,23,2,3,39,0,3,2
379,1090,5,2023,10,61145,21676,13,7,4,14,0,1,2
380,1103,6,2024,11,112948,23029,7,6,4,19,0,4,5
381,1250,7,2023,1,114614,10786,36,7,5,19,0,4,3
382,1008,4,2022,5,113116,21787,18,3,3,4,0,4,4
383,1153,8,2023,10,81235,19814,27,7,5,31,0,5,2
384,1347,5,2024,9,39855,14716,29,6,5,5,0,1,4
385,1174,3,2023,1,61169,27493,6,1,4,29,0,2,3
386,1343,2,2022,1,71404,27528,25,2,5,25,0,3,1
387,1158,5,2022,4,44569,1995,39,6,3,36,0,5,2
388,1215,3,2022,4,79437,22414,10,7,5,12,0,3,3
389,1177,3,2023,2,73506,13844,13,0,4,28,1,2,4
390,1175,3,2023,9,50738,3891,20,4,1,4,0,4,3
391,1340,6,2022,9,31772,15522,7,6,5,24,0,2,1
392,1338,6,2024,2,115410,7145,2,3,3,12,0,3,3
393,1146,8,2024,9,44731,8498,27,2,3,23,0,2,4
394,1324,8,2023,6,35131,9554,28,6,4,30,0,1,2
395,1161,3,2024,8,91324,2102,22,5,2,19,0,2,2
396,1127,7,2022,10,79097,3030,17,7,3,7,1,1,5
397,1082,6,2023,4,106720,8524,34,0,4,8,0,2,4
398,1147,4,2023,2,27889,8107,12,4,1,20,0,1,5
399,1239,3,2024,2,34569,27328,11,0,3,19,0,1,5
400,1084,4,2024,9,112193,16626,4,2,1,14,0,2,1
401,1113,4,2022,1,100677,18268,38,7,3,25,0,5,4
402,1225,3,2024,12,110192,14935,10,1,4,10,0,4,2
403,1332,2,2022,7,112154,24399,10,4,4,36,0,4,4
404,1378,7,2024,11,102470,9624,30,7,5,10,0,4,1
405,1243,3,2024,3,113822,27126,30,0,4,26,0,1,4
406,1143,8,2022,3,32612,23131,12,1,3,29,0,4,4
407,1041,3,2024,2,76644,24878,13,3,5,18,0,1,5
408,1258,6,2022,10,57069,15823,24,2,4,33,0,5,4
409,1285,3,2023,6,106741,20714,32,2,4,37,1,2,5
410,1105,2,2023,10,52331,7863,32,4,4,22,0,2,5
411,1202,6,2023,2,80897,3109,14,0,5,0,0,1,3
412,1307,8,2024,10,38934,18570,15,3,4,2,1,1,1
413,1331,1,2023,4,35095,12482,37,5,3,2,0,5,5
414,1266,1,2023,10,116494,1550,5,4,4,27,0,4,4
415,1398,4,2024,9,43706,26368,24,7,1,13,0,5,5
416,1210,7,2024,9,68516,646,14,5,3,29,0,2,5
417,1051,4,2022,6,59629,22528,3,4,3,4,1,2,5
418,1118,2,2024,4,71910,21040,3,0,3,14,0,4,2
419,1201,5,2022,7,113540,13407,29,3,1,37,0,2,2
420,1377,8,2024,1,45431,25288,33,0,2,13,0,1,2
421,1039,7,2022,12,81733,12700,26,2,4,13,0,2,2
422,1028,8,2022,4,65088,537,30,5,4,7,0,3,3
423,1259,1,2023,5,69135,14166,31,1,5,7,0,4,5
424,1084,4,2023,8,63015,6572,38,6,3,18,0,4,3
425,1155,8,2023,12,56385,234,8,7,4,31,0,4,4
426,1117,1,2022,2,95199,26972,7,2,5,30,1,3,1
427,1002,2,2023,12,63677,14067,13,2,3,28,0,5,3
428,1093,2,2024,5,37818,9696,32,5,4,10,0,1,2
429,1166,5,2023,6,113222,14150,22,7,4,12,0,4,2
430,1387,8,2022,5,88001,22923,20,4,2,26,0,2,4
431,1400,5,2023,9,48977,17758,11,2,5,18,0,1,5
432,1350,6,2022,10,74832,29087,1,6,4,25,0,2,1
433,1296,7,2024,1,65931,1909,12,3,1,36,1,1,3
434,1258,8,2024,3,108990,25491,3,2,2,8,0,1,5
435,1081,2,2023,2,103894,12150,19,3,1,27,0,2,5
436,1268,4,2023,12,97204,23602,13,0,3,31,0,2,3
437,1235,1,2024,3,70784,80,29,7,4,2,0,1,3
438,1321,3,2023,10,34921,2083,28,4,4,31,0,4,3
439,1311,5,2024,9,59959,13378,7,3,3,4,0,2,3
440,1301,3,2023,9,57328,27264,11,2,5,7,0,3,2
441,1357,8,2024,10,33859,15217,37,4,3,13,1,3,5
442,1213,4,2023,2,114506,18074,25,6,1,2,0,1,5
443,1062,5,2023,3,99408,17140,1,4,3,23,0,5,2
444,1049,3,2024,4,109766,2670,39,3,4,12,0,1,5
445,1127,7,2023,9,51708,3751,13,7,3,28,0,1,3
446,1223,4,2023,3,43847,11744,5,3,3,7,0,4,1
447,1279,1,2022,7,80989,25043,39,1,2,30,0,4,5
448,1294,7,2023,12,117641,5261,30,1,4,25,0,5,1
449,1284,4,2023,3,29922,14691,16,4,5,17,0,5,1
450,1277,6,2022,7,94928,6852,24,5,3,17,0,5,2
451,1107,5,2022,7,77335,1494,31,7,3,6,0,5,4
452,1146,2,2023,9,38541,22124,11,5,4,37,0,5,5
453,1099,1,2024,2,44551,25595,12,1,4,15,0,1,2
454,1375,8,2023,6,44381,24439,18,2,3,32,0,1,2
455,1073,7,2022,9,80673,17285,24,0,5,2,0,3,1
456,1122,7,2023,12,47948,672,30,4,4,37,0,3,5
457,1030,3,2022,12,117264,8630,36,0,3,3,0,2,2
458,1188,5,2023,2,84072,28798,24,1,4,35,0,1,3
459,1364,8,2022,2,92560,10268,15,3,5,3,0,5,2
460,1354,2,2022,5,107249,444,37,6,4,8,0,2,3
461,1288,4,2022,10,27486,9157,22,4,1,39,0,4,4
462,1195,2,2023,10,91691,11982,13,1,3,16,0,1,3
463,1156,5,2022,12,35082,8655,5,7,3,16,0,3,3
464,1172,5,2023,10,109105,18582,24,2,3,32,0,1,1
465,1335,6,2023,8,32086,2287,22,6,4,19,0,1,2
466,1041,6,2023,11,92853,11957,11,4,4,13,0,1,4
467,1063,2,2023,9,95027,27752,12,4,4,21,0,1,2
468,1023,4,2024,2,40916,4008,35,7,5,26,0,4,3
469,1360,2,2022,5,40248,11696,38,5,3,2,0,3,3
470,1075,5,2023,7,93047,9104,33,3,5,23,1,1,2
471,1048,5,2022,6,49226,496,5,4,4,29,0,4,4
472,1160,3,2022,6,50025,1463,37,3,3,7,0,2,4
473,1313,6,2023,7,73380,23212,39,1,4,21,0,1,1
474,1118,8,2023,3,32848,20637,7,2,2,24,0,4,3
475,1100,8,2024,3,39274,12459,7,6,4,9,0,5,3
476,1380,8,2023,10,79545,16877,39,6,4,28,0,2,1
477,1167,3,2024,9,60233,21449,32,2,3,39,1,3,2
478,1290,1,2022,8,41304,21814,33,4,4,0,0,1,3
479,1156,8,2022,5,36294,17810,14,4,4,20,0,1,2
480,1007,5,2022,6,51425,9884,35,1,3,38,1,4,4
481,1196,3,2022,11,93711,18177,34,5,1,23,1,3,5
482,1056,2,2023,12,118311,2723,21,5,3,8,0,5,1
483,1321,6,2023,10,34425,17042,22,5,4,25,0,2,3
484,1193,6,2022,1,116549,4761,39,3,5,8,0,3,1
485,1047,4,2024,10,118464,7630,21,5,5,19,0,1,4
486,1148,2,2024,12,69990,29038,4,2,4,34,0,4,4
487,1275,4,2022,1,98746,16375,30,6,4,35,0,5,4
488,1157,3,2022,4,93295,8741,12,6,3,35,1,4,4
489,1202,7,2022,2,41091,25218,27,3,4,8,0,2,5
490,1126,8,2022,11,25002,4350,19,1,3,21,0,3,2
491,1395,1,2022,7,75411,207,32,2,3,0,0,4,2
492,1305,2,2023,2,65958,27073,15,6,4,4,0,4,5
493,1369,2,2022,10,45707,4190,28,2,1,8,0,1,2
494,1294,2,2023,2,40248,1883,22,6,4,36,0,4,4
495,1064,4,2024,5,96309,2886,23,0,4,37,0,5,2
496,1325,3,2023,4,103322,16861,33,1,3,18,0,3,1
497,1392,2,2024,8,76720,8953,6,1,3,7,0,2,2
498,1176,7,2022,4,40037,8381,37,7,5,31,0,4,1
499,1116,2,2023,12,92421,23238,36,0,4,12,0,5,3
500,1204,6,2023,6,106867,13795,3,3,3,19,0,2,1
501,1321,8,2022,5,65612,17139,33,6,3,35,0,5,1
502,1031,1,2022,11,113031,9638,21,7,4,36,0,4,4
503,1388,8,2023,2,38450,4931,4,6,4,29,0,4,4
504,1113,6,2023,11,34491,9855,22,6,3,9,0,3,4
505,1365,6,2023,12,99804,5724,14,5,3,30,0,1,1
506,1325,1,2023,8,118293,26411,30,5,5,24,0,5,5
507,1376,7,2023,2,31791,12420,8,5,4,28,0,1,4
508,1344,3,2022,9,53314,20534,24,5,5,23,0,1,4
509,1067,6,2023,9,76883,4060,24,5,4,38,0,2,1
510,1075,3,2022,3,119119,29181,20,0,5,20,0,2,3
511,1045,6,2022,4,112086,4765,8,1,3,8,0,5,3
512,1260,5,2024,8,90629,19996,37,3,4,1,0,1,2
513,1154,1,2023,9,34967,6553,21,2,1,3,0,3,3
514,1155,6,2024,3,106754,7378,22,5,4,7,0,1,4
515,1363,5,2023,5,68220,18073,3,0,3,31,0,2,5
516,1234,8,2023,11,99163,17700,28,7,3,13,1,1,2
517,1051,4,2022,8,29947,7130,14,7,5,12,0,4,5
518,1306,5,2022,3,64419,29405,0,6,5,20,0,4,5
519,1262,2,2022,7,81131,3186,29,3,1,23,0,3,4
520,1315,6,2024,11,113714,28596,28,7,4,17,0,5,1
521,1125,5,2023,8,53876,5789,19,3,3,39,0,1,1
522,1399,3,2023,10,113444,28930,32,3,3,25,0,4,1
523,1245,4,2023,11,44971,16122,35,0,4,31,0,5,3
524,1030,7,2024,3,87539,17529,21,2,3,32,0,4,1
525,1122,6,2022,2,74228,20778,12,5,5,30,0,5,4
526,1125,2,2022,10,99495,7942,6,3,3,17,0,5,3
527,1037,7,2023,7,53261,7548,7,0,4,34,0,4,1
528,1170,5,2024,12,86260,16944,27,6,4,11,0,2,5
529,1124,7,2024,9,106371,18296,8,1,3,24,0,5,4
530,1357,7,2022,1,109793,18248,24,6,3,30,0,1,4
531,1035,4,2024,3,28346,296,15,0,4,9,0,4,2
532,1087,8,2024,5,81176,2409,9,0,4,33,1,2,4
533,1134,7,2022,3,77300,27212,10,0,3,2,0,4,5
534,1196,7,2023,1,36340,24014,30,3,4,38,0,3,4
535,1274,6,2023,7,58012,1461,11,0,2,7,1,1,2
536,1201,8,2024,7,60393,20676,30,1,3,31,0,3,4
537,1369,4,2022,10,100133,2268,13,3,3,28,0,5,4
538,1285,2,2024,12,50557,17378,31,6,2,21,0,5,2
539,1077,5,2023,8,89204,6554,16,1,4,19,0,3,4
540,1059,4,2024,5,98273,16391,34,7,4,5,0,3,3
541,1126,4,2023,10,42276,27167,0,4,5,28,0,5,4
542,1109,1,2023,12,79639,18899,28,6,4,16,0,2,1
543,1224,4,2024,5,32310,28991,3,0,5,30,0,1,1
544,1278,8,2024,5,60167,17801,22,5,4,33,0,4,3
545,1068,1,2024,1,109880,18700,27,5,4,37,0,3,4
546,1069,5,2022,10,35391,7358,15,3,5,36,0,1,5
547,1165,7,2023,5,75621,20316,11,5,4,3,0,4,4
548,1305,6,2022,6,35892,22588,20,6,1,1,0,4,1
549,1397,6,2023,12,101733,17671,16,3,4,11,0,3,2
550,1162,5,2023,1,103586,27420,39,6,5,34,0,2,3
551,1365,5,2023,11,61142,17502,12,0,4,5,0,2,2
552,1342,8,2023,7,70679,25128,31,2,4,7,0,1,5
553,1309,3,2024,1,66615,7637,36,2,4,20,1,1,4
554,1379,7,2022,11,72553,660,14,1,5,34,0,5,5
555,1343,5,2023,2,104071,8907,11,0,2,14,0,2,2
556,1387,4,2023,2,66002,6922,14,5,4,6,0,1,4
557,1042,8,2022,5,95658,28161,33,0,3,14,0,5,5
558,1354,6,2022,10,34852,11953,5,4,4,5,0,4,1
559,1109,2,2024,7,30387,24488,16,2,4,16,0,1,1
560,1051,8,2024,1,64994,22721,19,5,3,3,0,5,3
561,1250,6,2024,10,58725,18913,8,6,3,21,0,2,1
562,1341,1,2024,1,97682,3970,4,6,4,31,0,4,1
563,1383,8,2022,1,25560,3407,22,2,2,21,0,1,2
564,1021,6,2023,6,81565,26034,32,0,3,26,0,2,1
565,1300,3,2023,2,26312,27843,37,5,4,14,0,4,1
566,1139,8,2023,1,43205,9046,13,1,3,21,0,3,2
567,1359,8,2023,6,36595,23800,16,6,3,27,0,2,1
568,1324,7,2023,2,112566,14547,18,0,5,37,1,3,1
569,1385,5,2023,6,46329,4760,32,1,3,8,0,1,3
570,1092,7,2023,10,93187,28113,0,7,3,33,0,5,1
571,1280,8,2022,8,100542,18281,12,5,4,35,0,1,1
572,1125,5,2023,2,60645,22748,26,2,4,8,0,2,3
573,1397,6,2023,11,112502,24848,5,7,5,14,0,3,2
574,1111,2,2023,9,118382,13465,5,4,5,19,0,3,1
575,1354,2,2022,8,112310,4087,32,7,4,7,0,4,5
576,1139,8,2024,12,94619,25848,29,3,3,27,0,1,2
577,1273,3,2022,10,58513,20758,34,2,1,18,0,1,2
578,1099,1,2023,1,33749,7607,22,1,3,15,0,2,1
579,1252,6,2024,7,55783,4019,9,0,2,10,0,3,3
580,1338,5,2023,10,85645,815,18,7,4,7,0,2,2
581,1104,8,2022,6,107861,12563,27,6,4,32,0,2,3
582,1214,6,2023,6,78175,13292,22,5,1,9,0,3,5
583,1249,8,2023,6,109216,23639,3,7,4,17,0,2,3
584,1152,3,2024,6,87709,16158,19,2,3,34,1,3,4
585,1250,4,2024,10,42323,922,18,6,3,2,0,2,3
586,1275,4,2023,7,75762,12929,26,6,4,39,0,5,2
587,1165,3,2023,12,113220,29176,33,4,3,26,0,2,3
588,1341,5,2022,3,89222,14925,3,5,3,27,0,2,3
589,1008,7,2022,6,59493,21251,37,7,2,5,0,5,4
590,1284,3,2023,3,83328,17648,6,1,3,13,0,1,4
591,1005,8,2023,7,37213,20108,6,5,4,6,0,3,1
592,1145,5,2023,7,71930,10979,25,7,5,9,0,4,2
593,1101,2,2022,8,52713,2722,25,5,3,14,0,5,1
594,1164,3,2022,2,97723,5355,18,0,3,30,0,1,4
595,1374,5,2023,9,57583,13301,8,3,4,28,1,2,3
596,1147,3,2022,5,104944,28799,19,7,5,16,0,1,4
597,1064,3,2024,9,47369,2550,15,6,3,28,0,5,5
598,1091,7,2022,10,72928,21703,16,1,3,14,0,2,3
599,1117,7,2023,5,93950,11141,21,7,4,25,0,1,1
600,1354,8,2024,7,44510,23070,12,7,4,11,0,4,3
601,1267,5,2022,11,37120,18057,11,0,2,24,0,3,5
602,1310,5,2023,9,30295,20971,9,6,4,4,0,3,4
603,1173,1,2022,4,45460,11284,0,3,3,3,0,5,2
604,1047,3,2023,2,39963,21737,31,0,4,30,0,2,2
605,1140,4,2023,9,102116,23241,29,3,4,2,0,2,2
606,1246,3,2023,2,112822,27414,7,3,5,2,0,3,4
607,1149,3,2023,3,52328,18050,20,3,3,25,0,1,2
608,1246,5,2024,10,109629,20895,21,0,3,16,0,2,5
609,1395,3,2022,2,46605,26771,17,5,3,9,0,4,4
610,1005,6,2022,3,69813,29641,1,7,5,1,1,4,2
611,1184,3,2024,6,71371,22556,8,3,3,23,0,2,1
612,1020,6,2023,3,72598,1384,2,5,3,10,0,2,4
613,1046,7,2024,10,85776,20787,25,7,3,23,0,3,4
614,1012,4,2023,8,97258,20338,20,6,4,34,0,5,3
615,1070,8,2024,11,65969,22689,29,7,3,22,0,3,2
616,1017,5,2023,6,61912,27475,27,6,3,31,0,5,1
617,1371,3,2024,7,63374,8252,35,1,3,22,0,4,5
618,1147,6,2024,1,97302,7238,25,4,5,33,1,5,4
619,1154,6,2023,3,87784,23365,33,5,4,18,0,3,5
620,1304,7,2022,3,74882,6026,7,7,4,1,1,2,5
621,1108,6,2022,2,40928,28523,9,6,5,1,0,5,5
622,1236,8,2022,7,46274,22993,13,4,5,14,0,3,3
623,1308,2,2022,9,59416,10482,39,3,3,20,0,4,5
624,1352,1,2023,4,111148,13801,14,4,5,34,0,5,2
625,1070,8,2023,12,85998,16120,16,4,1,4,0,4,2
626,1183,4,2023,5,54047,15580,17,3,3,26,0,4,1
627,1250,8,2023,3,68356,8664,31,5,5,23,0,1,1
628,1228,7,2023,11,62134,17342,37,7,3,6,0,5,5
629,1102,7,2022,9,92042,25108,22,3,3,5,0,3,5
630,1075,8,2022,4,76310,493,22,1,3,32,0,5,3
631,1216,3,2022,5,105758,23426,34,2,4,16,0,5,5
632,1399,2,2023,1,37363,16465,38,7,3,29,0,4,5
633,1203,3,2022,11,110149,6999,14,0,4,7,0,4,5
634,1192,3,2022,12,69563,29550,23,3,5,39,1,4,4
635,1249,8,2023,2,55628,13833,27,3,4,6,0,4,4
636,1242,5,2024,12,94672,2970,15,4,3,5,1,3,3
637,1179,5,2022,9,71246,11,15,1,5,3,0,2,3
638,1219,5,2023,2,36161,29958,39,6,3,0,0,1,2
639,1082,2,2023,5,114110,24208,38,6,2,14,0,4,3
640,1092,3,2024,8,117438,29120,5,4,2,30,0,4,2
641,1175,1,2024,3,27810,15551,1,5,4,24,0,1,5
642,1239,4,2022,6,84860,17145,12,7,2,32,1,4,3
643,1260,5,2022,4,102199,3185,8,3,2,34,0,2,3
644,1391,5,2024,11,96688,16409,33,7,3,4,1,5,3
645,1365,7,2023,7,90548,1806,16,7,3,4,0,1,2
646,1163,3,2023,10,87363,23035,26,3,4,35,0,3,2
647,1048,3,2023,3,36162,5664,28,4,4,16,0,1,1
648,1329,2,2023,6,112858,28733,36,7,4,13,0,2,2
649,1328,2,2024,12,98535,28900,21,3,3,28,0,3,2
650,1116,5,2024,10,32219,14126,23,5,3,7,1,5,4
651,1337,3,2024,9,95864,12894,6,7,5,33,0,4,3
652,1337,1,2022,11,28621,5154,33,2,1,39,1,1,2
653,1369,4,2024,10,114792,22208,11,0,5,0,0,3,3
654,1225,8,2022,1,69433,13767,22,0,3,28,0,1,3
655,1352,3,2022,3,101850,20043,14,0,5,35,0,5,4
656,1328,7,2024,2,91188,15226,32,2,3,36,0,1,3
657,1147,8,2022,8,79951,1525,12,3,3,28,0,3,2
658,1063,3,2022,7,106718,760,22,4,4,4,1,2,3
659,1294,6,2022,2,61558,16978,37,6,4,31,0,3,1
660,1323,2,2024,6,40659,23576,31,1,3,23,0,1,1
661,1325,7,2023,3,59413,13880,34,3,4,18,0,5,4
662,1013,4,2023,8,35435,1055,0,2,4,11,0,4,2
663,1189,5,2022,10,78911,10046,4,7,1,0,0,4,4
664,1287,7,2024,3,53067,3083,12,5,1,6,0,5,1
665,1208,3,2024,10,112794,15678,4,2,3,16,0,1,2
666,1114,5,2023,9,118823,12108,31,7,2,33,0,5,3
667,1022,3,2023,1,94224,20059,20,6,4,6,0,1,2
668,1349,5,2022,5,98225,26624,23,0,3,16,0,3,5
669,1214,4,2024,3,26379,9650,17,3,3,2,0,2,2
670,1171,2,2023,6,52624,5957,20,6,3,28,0,1,3
671,1323,4,2024,10,116500,5255,9,0,4,21,0,4,5
672,1054,6,2023,2,113427,9411,23,1,2,37,0,4,4
673,1394,1,2024,9,82745,20612,39,7,1,28,1,2,2
674,1298,2,2024,6,76805,16344,20,7,2,4,0,1,4
675,1320,4,2023,7,37516,20565,24,5,5,29,0,2,2
676,1126,6,2024,5,104422,9691,22,0,2,22,0,3,1
677,1277,1,2023,9,110843,18214,21,1,4,20,0,2,1
678,1204,6,2022,1,49843,3395,3,7,2,25,0,3,3
679,1194,3,2023,5,30912,1203,33,2,2,20,0,4,1
680,1169,8,2024,11,46514,28846,5,0,4,19,0,3,5
681,1152,3,2023,10,112359,19194,27,0,3,22,1,1,5
682,1035,5,2022,11,82032,19476,30,4,5,3,0,1,2
683,1184,2,2023,6,53797,3044,34,5,5,20,1,1,4
684,1286,3,2023,7,31449,22455,38,5,4,20,1,1,5
685,1057,7,2023,12,26725,7272,22,6,4,0,0,5,2
686,1222,6,2023,4,106406,21057,5,2,3,14,0,3,4
687,1303,2,2024,12,34304,3514,15,4,3,16,0,1,1
688,1163,8,2022,1,98058,9990,1,6,5,13,0,2,2
689,1019,7,2023,11,38663,6192,23,1,4,18,0,2,4
690,1370,3,2022,8,95320,10767,16,6,4,33,0,5,3
691,1264,5,2022,10,100008,16528,0,1,3,5,0,3,3
692,1282,4,2024,4,119488,7507,5,2,1,5,0,3,5
693,1113,5,2024,3,100591,4857,4,7,5,4,1,3,4
694,1327,7,2023,12,37676,12118,28,5,3,6,0,5,3
695,1030,1,2024,7,50192,17761,11,7,3,32,0,3,5
696,1135,3,2024,12,49722,3146,38,1,2,12,0,3,2
697,1067,7,2024,2,32446,26401,2,2,4,0,0,1,2
698,1065,1,2022,8,29725,21408,0,7,1,12,0,3,4
699,1292,1,2024,6,110597,17177,26,6,4,26,0,1,4
700,1025,6,2023,7,113207,26177,23,1,2,6,0,1,4
701,1037,2,2023,5,82632,5756,18,3,5,2,0,3,4
702,1001,6,2022,9,91945,4414,7,0,4,24,0,2,3
703,1399,3,2023,5,98741,17494,1,6,3,32,0,4,3
704,1037,1,2022,11,41365,22056,29,5,4,39,0,2,5
705,1141,8,2022,5,90792,20437,29,7,3,16,0,3,3
706,1232,7,2023,3,89857,29369,38,6,3,13,0,3,2
707,1136,4,2024,11,40704,3937,31,3,5,36,0,2,5
708,1389,1,2024,1,75575,3963,0,2,3,22,0,3,3
709,1188,7,2023,2,54902,21326,37,2,3,23,1,1,4
710,1128,8,2024,8,26195,5897,12,6,3,28,0,5,3
711,1201,4,2024,1,78517,8974,10,3,3,37,0,3,1
712,1127,6,2024,7,59012,14377,9,7,5,26,1,3,5
713,1257,6,2022,5,36415,17500,25,6,3,37,1,2,3
714,1164,2,2023,3,64534,16056,19,0,5,39,0,1,3
715,1035,7,2024,12,46686,1750,16,0,5,22,0,2,2
716,1194,1,2023,12,102198,27152,16,4,2,30,0,2,4
717,1191,5,2023,11,53743,4027,3,1,3,35,0,3,4
718,1104,6,2023,7,57161,11528,4,4,5,16,0,1,2
719,1023,6,2023,9,86313,5745,22,7,3,36,0,3,2
720,1265,2,2023,2,27402,28963,9,0,1,2,0,3,1
721,1290,4,2022,8,88190,21448,27,3,3,35,1,3,5
722,1384,2,2023,9,77551,9679,32,1,4,4,0,3,4
723,1260,8,2024,11,38275,28451,25,7,4,14,0,5,2
724,1358,1,2024,3,53182,28207,28,3,2,5,1,4,2
725,1075,7,2022,2,39915,5938,26,7,2,9,0,1,5
726,1355,3,2024,7,25909,28768,17,4,5,31,0,5,2
727,1072,3,2023,5,90908,12150,39,2,4,22,0,4,1
728,1259,7,2023,5,47620,13406,9,3,4,16,0,4,5
729,1398,4,2024,10,59112,19781,4,4,4,19,0,4,1
730,1188,8,2024,5,99051,24649,9,4,3,14,0,5,3
731,1173,6,2024,4,27431,17743,20,4,4,21,0,1,4
732,1290,4,2023,5,111590,25667,23,2,3,5,1,2,2
733,1045,6,2024,4,87175,4853,37,2,3,3,0,4,5
734,1061,6,2022,6,57624,18325,2,6,4,22,0,2,1
735,1083,3,2024,4,101121,3148,39,2,3,18,0,2,4
736,1123,4,2024,2,86264,28879,30,1,5,30,0,3,4
737,1358,8,2023,9,56958,16243,36,2,3,2,0,2,2
738,1016,2,2022,2,26695,7933,1,2,5,27,0,3,4
739,1066,6,2024,9,74932,9436,1,2,5,2,0,1,2
740,1145,5,2022,10,69225,17669,38,7,3,13,0,1,3
741,1375,5,2022,6,26403,29081,33,3,4,17,0,3,2
742,1162,2,2024,9,108346,6474,19,2,3,26,0,1,1
743,1234,5,2023,9,99391,14679,32,1,5,9,0,4,4
744,1380,1,2024,3,63636,11228,3,7,3,14,0,1,4
745,1144,6,2023,1,35839,770,10,4,4,18,0,3,4
746,1358,2,2022,1,90546,1843,4,3,3,8,0,4,2
747,1188,4,2024,3,72829,73,24,0,3,3,0,2,5
748,1322,6,2023,5,34230,18044,36,7,3,14,0,2,2
749,1013,2,2022,3,76977,16059,33,2,3,7,0,2,1
750,1184,3,2024,12,65232,20733,8,7,4,0,0,3,2
751,1111,8,2023,9,119792,23486,5,6,4,6,1,2,4
752,1290,4,2023,9,50651,8000,17,6,4,30,0,1,3
753,1295,8,2023,3,64963,25395,13,7,3,17,0,2,1
754,1392,3,2024,3,80872,20202,18,4,3,11,0,5,3
755,1215,6,2024,12,104198,13273,13,4,1,29,0,5,1
756,1120,4,2024,5,38739,16121,39,3,4,32,0,2,1
757,1382,8,2022,2,88294,331,16,6,5,6,0,2,4
758,1055,5,2024,6,73356,17805,34,0,3,27,1,5,2
759,1027,8,2023,7,26789,7512,28,5,1,2,0,2,4
760,1118,2,2023,9,44420,28231,16,6,3,5,0,4,4
761,1221,6,2023,6,114297,23274,7,7,4,30,0,5,4
762,1231,1,2024,3,62606,4931,0,6,4,37,0,3,3
763,1053,8,2024,12,63640,26267,35,1,4,14,0,5,1
764,1295,4,2022,5,69135,12742,6,5,3,6,0,1,5
765,1321,4,2023,4,62067,22409,4,4,4,29,0,4,2
766,1233,7,2024,5,83420,13426,23,5,4,26,0,3,4
767,1158,8,2022,8,42357,20792,27,6,3,16,0,2,1
768,1269,6,2024,8,64851,5113,16,4,4,17,0,1,2
769,1021,6,2023,6,63262,8419,36,5,2,21,0,1,5
770,1053,3,2023,1,101853,2881,19,4,3,25,0,4,5
771,1275,7,2022,8,83643,13145,2,4,5,26,0,3,4
772,1313,8,2022,8,46534,13556,36,3,3,39,0,1,5
773,1281,5,2024,2,116270,19249,25,0,4,23,0,3,5
774,1214,3,2022,4,57872,29689,14,4,4,7,0,3,2
775,1031,7,2024,12,32689,2575,7,1,3,20,0,1,2
776,1337,8,2023,2,94103,29621,12,6,4,28,1,3,4
777,1183,8,2022,4,111268,12714,2,6,4,20,0,4,1
778,1023,3,2022,12,111310,6185,0,1,3,2,0,1,4
779,1032,5,2023,10,113731,8656,8,2,2,30,1,4,3
780,1074,7,2024,7,62412,5741,30,4,3,26,0,4,5
781,1010,8,2023,9,72734,16661,25,7,2,26,0,3,1
782,1054,8,2023,8,112793,28690,16,4,2,8,0,3,2
783,1052,7,2023,12,94930,65,33,4,3,32,0,1,3
784,1148,1,2023,9,47228,4262,8,7,3,32,0,2,3
785,1160,3,2023,8,102924,5704,12,5,5,25,0,1,5
786,1370,3,2024,2,36319,15355,4,4,3,27,0,4,2
787,1014,4,2023,7,31475,8594,12,4,4,30,1,3,1
788,1178,5,2023,2,108694,12175,0,1,4,0,0,4,2
789,1366,2,2022,12,39728,24373,24,0,4,19,0,5,5
790,1053,1,2024,11,54545,12696,3,0,3,11,0,5,3
791,1335,7,2022,2,106686,6255,35,2,5,16,0,4,5
792,1022,7,2022,4,86756,7441,9,1,4,14,1,2,4
793,1030,7,2023,1,93775,28054,27,4,4,33,0,2,3
794,1191,1,2023,5,63699,28020,5,0,3,15,0,1,5
795,1260,8,2023,6,61821,21076,26,3,2,3,0,1,1
796,1205,7,2023,9,55615,14986,11,3,4,7,0,1,1
797,1059,7,2024,10,38746,13350,2,3,1,33,0,3,1
798,1264,5,2022,8,111457,14440,32,4,3,24,0,2,4
799,1012,6,2024,2,47745,20803,9,4,3,14,0,4,2
800,1119,6,2023,1,26245,7960,30,7,4,27,0,5,1
801,1290,4,2023,2,49853,22462,14,2,5,8,0,2,4
802,1338,4,2023,7,52632,27615,6,6,3,1,0,2,1
803,1248,7,2022,4,37856,17821,35,2,4,16,0,2,4
804,1354,5,2024,10,81893,25004,13,2,4,9,1,1,1
805,1127,7,2023,5,95641,27258,13,5,3,8,0,3,2
806,1075,4,2023,12,93049,27353,2,3,5,30,0,4,5
807,1361,1,2023,7,83182,23416,2,4,5,1,0,1,1
808,1204,1,2024,3,27801,29756,21,3,4,23,0,3,5
809,1049,8,2023,10,104431,22115,18,2,3,18,0,2,1
810,1079,2,2024,2,64749,19762,34,4,4,16,1,3,2
811,1241,6,2023,7,98757,13665,11,1,3,9,0,1,5
812,1349,5,2022,5,80654,24968,4,7,3,27,1,2,4
813,1154,3,2022,1,96574,22731,9,0,3,37,0,1,1
814,1274,6,2023,1,80381,22785,32,0,4,27,0,4,1
815,1096,3,2022,9,83601,6629,12,2,5,0,0,2,4
816,1214,2,2022,5,40082,13828,34,6,3,2,0,3,2
817,1294,2,2024,1,39648,4541,31,3,1,14,0,1,3
818,1209,7,2024,7,25364,7876,10,1,5,9,0,5,1
819,1343,4,2024,9,59568,29875,37,4,3,20,0,3,4
820,1088,2,2022,11,104646,13311,23,6,4,36,0,3,3
821,1306,2,2022,1,96494,24917,34,3,1,14,0,2,1
822,1264,3,2022,10,99632,24708,18,2,3,22,0,3,5
823,1390,4,2024,4,32436,14588,5,3,5,13,0,1,4
824,1325,2,2024,3,111713,16648,39,2,2,14,0,5,5
825,1377,6,2023,5,51754,12380,34,5,3,9,0,4,2
826,1320,8,2022,7,85194,9877,3,0,3,8,0,5,3
827,1157,2,2023,8,49544,17818,32,6,5,38,0,1,4
828,1156,8,2023,2,85180,21711,12,0,5,4,0,2,1
829,1139,4,2023,7,88295,5097,35,3,3,24,0,1,1
830,1121,7,2023,1,37638,18044,18,1,2,25,0,3,3
831,1065,5,2024,7,90715,28393,11,4,4,7,0,2,5
832,1107,4,2022,8,94409,22076,10,2,3,21,0,4,5
833,1147,3,2022,2,108106,18738,5,4,4,24,0,4,4
834,1137,5,2024,9,42157,24841,11,0,1,11,1,1,4
835,1162,6,2022,1,70565,29317,26,7,2,8,0,3,5
836,1100,1,2022,6,94996,6461,24,1,4,9,0,4,4
837,1338,8,2022,1,90888,25712,2,1,3,9,0,5,5
838,1399,8,2022,3,81095,7044,2,4,5,8,0,2,3
839,1307,8,2023,11,89947,5497,19,0,2,25,0,5,4
840,1141,4,2024,6,112122,20933,27,7,3,34,1,4,5
841,1083,8,2023,3,95880,22718,22,4,5,26,1,4,4
842,1177,7,2023,8,29507,22394,2,3,3,30,0,1,1
843,1198,8,2023,5,68988,13751,23,1,4,18,0,1,1
844,1112,3,2023,2,41865,29882,39,1,3,37,0,2,2
845,1056,6,2024,4,52213,21310,5,3,4,5,0,1,5
846,1179,8,2024,9,80954,25966,19,0,4,14,0,3,2
847,1186,8,2022,4,82450,9304,10,1,3,28,0,2,5
848,1218,5,2024,10,29477,10426,31,6,4,4,0,3,4
849,1316,6,2023,10,87222,11058,26,7,4,13,0,1,5
850,1217,8,2024,8,31533,22449,20,5,3,1,0,2,1
851,1120,4,2023,5,74395,11260,12,5,4,22,0,4,4
852,1394,2,2024,11,48396,18563,21,5,4,18,0,5,1
853,1175,7,2024,11,37755,21351,34,2,3,23,0,4,4
854,1023,4,2022,10,25865,634,21,6,3,19,0,3,5
855,1213,1,2023,1,36173,20015,27,2,3,26,0,4,5
856,1235,4,2024,7,83905,25975,20,0,3,23,1,4,1
857,1013,5,2024,3,63097,29362,17,3,4,16,1,5,3
858,1101,5,2022,10,58371,27315,30,4,3,24,0,5,5
859,1024,8,2024,8,36254,27746,36,6,5,30,0,4,3
860,1364,4,2023,12,29018,10057,20,7,3,27,0,5,4
861,1011,5,2022,3,30192,13345,13,0,3,27,0,4,3
862,1273,2,2023,1,27015,10147,24,4,4,21,0,2,1
863,1281,6,2022,5,93916,21061,26,0,4,4,0,4,2
864,1094,4,2024,2,53343,18602,39,2,4,7,0,1,2
865,1201,7,2023,11,94306,1389,22,5,2,37,0,5,1
866,1021,2,2024,4,30829,13071,30,3,3,27,0,5,2
867,1340,8,2022,1,59381,11322,28,2,3,11,0,3,1
868,1211,6,2023,9,106081,4276,29,3,5,24,1,3,5
869,1140,7,2022,6,43263,12306,25,6,3,37,0,1,3
870,1293,8,2022,8,78260,1249,19,4,5,14,0,5,2
871,1298,7,2022,11,68306,24024,37,0,4,33,0,5,5
872,1101,8,2022,4,116211,27742,18,1,3,12,1,3,2
873,1304,7,2023,9,83418,22096,26,1,4,7,0,3,4
874,1359,6,2022,2,115898,17629,24,3,4,12,0,4,1
875,1028,2,2023,9,25148,8245,39,5,5,35,0,5,1
876,1041,7,2023,12,26754,11102,37,5,3,5,0,5,5
877,1355,7,2024,5,51745,16226,22,3,3,37,0,4,4
878,1303,3,2024,6,97914,10588,28,2,3,31,0,5,3
879,1146,4,2023,3,80833,442,14,1,1,20,0,1,4
880,1256,6,2023,4,45140,6976,2,2,4,6,0,3,4
881,1227,8,2022,6,99907,4675,9,4,5,25,0,3,3
882,1236,6,2024,7,85653,11803,14,1,3,14,0,3,3
883,1361,5,2022,1,117535,7953,15,4,4,22,0,2,4
884,1380,8,2022,7,86521,4377,16,0,4,37,0,1,2
885,1013,6,2022,1,103315,10599,18,2,3,14,0,1,2
886,1210,2,2023,5,56075,7058,10,3,2,39,0,4,4
887,1229,8,2022,6,55697,17206,4,1,4,15,0,2,2
888,1397,8,2024,2,79544,11894,4,2,5,31,0,5,3
889,1100,6,2022,10,34795,2939,13,3,4,36,0,1,3
890,1031,8,2023,9,89555,23480,25,0,1,17,0,2,2
891,1386,3,2022,10,77204,22149,7,1,3,19,0,2,3
892,1016,4,2022,6,94754,29312,4,4,2,1,0,1,1
893,1137,8,2024,7,89860,1031,6,0,4,22,0,4,3
894,1329,4,2022,10,76529,10208,15,5,4,29,0,2,4
895,1166,6,2024,8,36672,562,13,3,2,2,0,3,5
896,1310,7,2023,11,79238,10730,36,7,4,38,0,2,2
897,1100,1,2022,10,60950,16724,3,1,4,0,0,5,2
898,1109,1,2024,1,36009,20951,35,1,4,21,0,1,3
899,1343,7,2022,8,72096,16152,16,6,5,28,0,5,3
900,1173,7,2024,4,44544,13998,35,6,2,13,0,4,5
901,1237,7,2022,10,80728,24246,5,0,5,27,0,3,5
902,1162,2,2024,8,54381,28351,15,1,2,20,0,1,4
903,1393,1,2022,6,50287,18680,28,3,3,31,0,2,1
904,1216,7,2023,11,89610,16618,35,0,5,5,0,3,4
905,1264,2,2024,9,93122,21586,37,4,5,0,0,2,2
906,1263,5,2024,11,93184,9308,36,0,4,20,0,4,3
907,1292,8,2024,4,65081,26484,9,0,4,3,0,1,4
908,1274,2,2024,2,108637,9609,35,7,4,2,0,4,3
909,1003,1,2024,2,70312,29495,28,4,4,29,0,4,3
910,1028,6,2022,5,112228,17675,13,5,2,30,0,4,4
911,1326,5,2022,10,97943,28064,3,6,4,33,1,4,4
912,1149,1,2022,9,107790,21111,35,3,3,18,0,2,5
913,1028,8,2023,12,105770,28230,12,5,3,19,0,5,1
914,1310,2,2023,3,77726,8720,17,5,3,22,0,2,5
915,1065,3,2023,8,47211,27900,32,5,4,39,0,3,1
916,1356,4,2022,4,54480,10172,20,6,5,24,1,4,4
917,1021,8,2023,6,72780,14457,15,2,4,14,0,3,1
918,1252,1,2022,10,82138,2939,14,6,5,37,1,2,2
919,1235,7,2023,6,115382,14345,4,5,3,22,0,4,5
920,1227,2,2023,3,67503,16158,5,2,4,1,0,2,5
921,1013,7,2024,5,82893,5435,37,4,4,14,0,4,5
922,1313,7,2024,12,71193,23365,2,6,4,34,0,2,3
923,1049,7,2023,3,86358,5392,11,3,4,9,0,1,3
924,1118,7,2022,11,105857,25905,35,5,4,13,0,5,4
925,1054,7,2023,11,103182,7972,32,1,5,26,0,5,4
926,1138,5,2022,1,47117,17617,35,4,4,13,0,4,3
927,1053,1,2023,7,84056,26329,32,2,2,34,0,1,5
928,1044,8,2023,4,83706,19184,30,6,4,32,0,3,3
929,1303,1,2022,7,95429,27509,20,3,3,0,0,1,1
930,1053,8,2022,3,34476,14799,26,0,3,33,1,4,5
931,1074,4,2024,12,107806,27335,26,3,5,18,0,1,3
932,1046,2,2024,11,80006,19159,7,3,3,23,0,3,4
933,1013,3,2023,5,112238,15052,36,5,4,3,0,4,3
934,1165,5,2022,5,94918,6044,31,5,3,35,1,5,2
935,1102,2,2022,2,88155,19871,25,6,1,12,0,1,3
936,1280,5,2023,11,92321,23767,1,6,3,31,0,5,5
937,1258,8,2024,10,70798,14415,11,7,2,8,0,5,3
938,1337,1,2022,12,102271,20234,21,2,4,38,1,2,4
939,1356,7,2024,2,55177,27103,16,7,3,15,0,3,1
940,1398,4,2022,4,107215,21381,6,6,3,2,0,1,2
941,1138,4,2024,4,68013,17274,3,2,2,19,0,5,5
942,1163,6,2023,4,107600,13858,36,5,3,9,0,5,4
943,1387,3,2024,6,78450,22304,37,5,4,21,0,3,2
944,1111,4,2023,2,72928,26641,31,1,3,2,0,5,3
945,1102,7,2023,6,117403,17572,10,1,4,10,0,5,2
946,1017,1,2022,7,70382,5644,0,4,5,24,0,5,1
947,1268,3,2022,11,110038,28873,24,5,4,7,0,5,2
948,1182,8,2024,10,25760,17124,23,0,4,8,0,2,2
949,1372,2,2024,3,49142,17753,16,1,2,14,0,2,3
950,1024,8,2024,11,42290,25965,7,2,3,31,1,4,3
951,1029,7,2023,12,96035,18384,26,3,5,2,0,1,5
952,1171,7,2024,8,25364,17855,17,6,4,3,0,3,3
953,1228,4,2022,2,81921,17920,26,6,4,29,0,4,2
954,1378,3,2023,11,44797,16702,21,4,4,12,0,2,1
955,1188,1,2023,8,57535,26840,15,1,3,20,1,2,3
956,1346,8,2023,11,71300,5153,1,3,1,18,1,2,5
957,1230,6,2023,5,72176,1894,4,3,4,38,0,4,5
958,1321,8,2022,2,41105,28287,17,1,4,21,0,2,2
959,1340,5,2023,7,32939,29395,2,0,3,19,0,4,3
960,1119,5,2024,2,104472,27398,26,0,5,36,0,2,3
961,1156,1,2023,6,67029,7991,16,4,3,30,0,5,5
962,1272,1,2022,10,40863,15439,15,7,3,9,0,5,3
963,1175,5,2022,3,103097,29084,5,0,5,17,0,1,2
964,1104,6,2022,9,35447,9467,6,4,4,38,0,2,1
965,1092,3,2022,3,71940,27659,13,7,4,19,0,1,2
966,1186,5,2023,11,102947,24976,37,7,2,17,0,4,3
967,1283,1,2023,12,110001,5935,39,2,3,10,1,1,2
968,1181,4,2023,12,44642,17107,14,7,4,21,0,2,4
969,1170,2,2023,3,92643,2329,32,1,3,17,0,4,4
970,1187,6,2024,5,32928,9327,26,7,4,33,0,4,3
971,1175,7,2022,7,73002,2770,28,3,5,22,0,5,3
972,1222,6,2023,8,109853,23929,36,4,4,0,0,4,1
973,1233,4,2024,12,50017,4846,4,6,3,9,0,4,2
974,1162,4,2022,11,104064,16651,28,0,4,0,0,1,1
975,1134,7,2022,7,38313,16276,31,6,3,37,0,4,3
976,1391,8,2024,9,26559,14633,5,4,3,38,1,3,3
977,1224,1,2023,5,75893,13628,1,5,1,8,1,5,5
978,1153,5,2023,10,40167,569,5,4,3,30,0,5,1
979,1033,8,2022,11,105879,27132,3,0,5,6,1,4,3
980,1055,3,2023,3,63598,1973,28,5,3,16,0,1,4
981,1007,6,2023,6,32523,25121,24,5,3,34,0,5,5
982,1244,7,2022,5,74777,2822,8,7,5,36,0,5,2
983,1313,6,2023,12,53439,20844,2,0,1,17,0,3,5
984,1126,8,2022,4,106060,29218,25,5,4,32,0,4,2
985,1012,4,2023,12,38285,270,26,1,3,3,0,5,4
986,1016,5,2022,2,35973,16320,35,3,1,22,0,5,2
987,1208,6,2022,7,47694,7641,31,6,5,10,0,5,1
988,1043,3,2022,5,60774,8930,0,1,2,8,1,5,2
989,1373,4,2022,4,29302,6680,15,1,4,29,1,1,2
990,1135,3,2024,12,47391,1257,10,0,3,7,0,2,5
991,1228,5,2022,8,29611,8250,25,7,2,39,0,3,4
992,1111,6,2023,9,34372,5370,39,0,1,4,0,1,2
993,1307,2,2022,9,49312,28757,0,6,2,11,0,3,1
994,1160,8,2023,3,39080,4858,25,3,2,0,0,5,5
995,1331,6,2024,3,105618,8581,27,4,4,14,0,3,4
996,1264,8,2022,5,45874,13491,8,1,3,24,0,4,4
997,1225,5,2024,5,87537,25294,21,5,3,17,0,4,3
998,1217,6,2022,10,98914,23383,7,3,3,37,0,2,1
999,1045,8,2024,2,26597,12436,26,1,5,25,0,2,5
1000,1214,7,2023,1,36600,12870,38,4,5,39,0,3,5
1001,1059,8,2024,8,28747,16504,18,7,4,2,0,1,1
1002,1132,6,2023,3,104415,6908,24,5,5,21,0,1,4
1003,1104,1,2023,1,103553,10844,37,1,3,25,0,5,2
1004,1195,6,2022,1,49815,18687,20,2,3,18,0,1,1
1005,1157,6,2022,11,109500,4861,23,6,4,38,0,2,5
1006,1098,8,2024,2,119348,2911,23,3,4,35,0,1,1
1007,1226,3,2023,6,49714,8991,18,6,3,20,0,5,4
1008,1205,2,2023,6,43890,11572,1,0,3,25,0,4,3
1009,1079,3,2024,3,86509,10298,13,1,5,12,0,1,3
1010,1124,8,2023,12,86824,29693,31,5,4,35,1,1,2
1011,1218,3,2024,4,29725,7236,31,5,3,23,0,2,2
1012,1004,4,2024,12,68205,5565,27,3,4,25,0,3,4
1013,1090,1,2023,2,45684,22915,38,3,3,20,0,4,2
1014,1104,3,2024,2,116861,17493,39,6,2,17,0,3,3
1015,1393,7,2022,7,82911,6929,39,5,3,14,0,5,4
1016,1119,5,2022,1,38092,17634,12,5,3,14,0,5,4
1017,1133,7,2023,7,64770,27216,11,5,1,5,0,3,4
1018,1312,5,2022,12,50457,24561,7,1,4,30,0,2,1
1019,1096,6,2024,12,96667,18033,14,5,3,27,0,2,2
1020,1331,4,2024,1,115751,7351,25,0,4,7,0,2,5
1021,1143,1,2023,6,87894,22295,11,5,2,28,1,4,3
1022,1288,7,2023,3,86305,25921,26,0,3,20,1,5,2
1023,1028,1,2024,8,37612,19340,17,1,5,16,0,5,3
1024,1278,7,2023,6,103627,14901,35,3,4,23,1,5,2
1025,1233,6,2023,11,62089,10638,26,7,5,35,0,4,5
1026,1017,5,2023,2,77137,5828,8,0,5,30,0,5,3
1027,1059,2,2024,8,25559,21378,38,1,3,33,0,3,5
1028,1090,4,2023,5,91249,11556,0,7,3,1,0,1,3
1029,1199,7,2024,8,62361,22820,6,7,5,2,0,4,1
1030,1362,7,2024,8,105720,25060,25,5,5,29,0,1,1
1031,1026,6,2023,6,40261,23998,6,1,4,7,0,3,3
1032,1025,4,2023,2,45372,25378,6,7,4,6,0,2,3
1033,1394,5,2024,8,80355,18099,7,5,4,11,0,2,5
1034,1301,5,2023,11,82920,8150,15,6,3,18,0,2,4
1035,1339,7,2024,6,57544,10107,2,1,4,25,0,4,3
1036,1267,2,2024,6,25037,19867,9,7,4,27,0,2,2
1037,1181,2,2023,8,68032,24059,6,3,4,14,0,4,2
1038,1360,1,2024,1,103233,1757,20,0,1,13,0,4,2
1039,1068,4,2024,2,66420,18193,36,6,3,13,0,1,1
1040,1351,4,2024,12,116552,21923,30,3,2,2,0,2,5
1041,1321,5,2023,12,59600,22432,22,2,3,28,0,5,1
1042,1049,1,2022,9,73285,11199,26,5,5,5,1,2,2
1043,1175,6,2023,11,87008,27801,21,7,1,22,0,2,3
1044,1052,4,2023,12,114520,28071,38,0,3,27,0,2,2
1045,1102,1,2023,8,30167,26896,26,3,3,13,0,5,3
1046,1216,1,2024,12,25432,16295,3,0,4,13,0,5,5
1047,1188,7,2023,7,94687,26246,23,2,4,19,0,4,4
1048,1057,5,2023,7,96947,12807,22,4,3,12,0,5,3
1049,1047,1,2022,5,75903,17535,18,5,3,26,0,4,1
1050,1159,8,2024,2,117159,5492,2,5,3,34,0,1,2
1051,1174,2,2023,11,79149,23095,26,1,4,1,0,4,2
1052,1242,8,2022,6,112640,6302,2,7,3,39,0,2,2
1053,1282,2,2022,10,81768,15929,27,5,5,23,0,3,3
1054,1241,3,2024,3,85184,4747,16,5,3,28,1,3,5
1055,1370,5,2023,4,90792,26799,30,3,2,2,0,2,3
1056,1005,7,2022,10,58439,14238,9,6,4,3,0,4,1
1057,1084,6,2024,12,58257,27243,21,5,3,1,0,2,2
1058,1308,8,2024,11,69674,8402,29,5,4,19,0,5,3
1059,1361,8,2024,2,76248,10686,20,7,3,14,0,4,2
1060,1248,3,2023,2,108602,4681,35,2,4,31,0,2,1
1061,1054,2,2023,12,70371,28838,22,6,4,0,0,5,4
1062,1161,7,2024,8,92996,18891,37,2,5,37,1,5,4
1063,1226,3,2023,8,62297,19347,11,7,3,34,0,4,4
1064,1015,5,2024,10,79273,3428,24,0,3,6,0,1,2
1065,1224,7,2022,6,86256,27951,19,0,3,12,0,1,3
1066,1061,5,2023,5,59743,29928,6,5,5,0,0,5,2
1067,1122,1,2022,8,93752,7494,28,5,5,13,0,1,5
1068,1277,4,2022,4,104803,3955,28,1,2,28,0,5,3
1069,1046,1,2022,11,100117,29877,12,0,2,2,0,1,1
1070,1390,5,2022,4,95051,20089,2,3,3,23,0,5,4
1071,1294,8,2024,5,47076,27981,1,5,2,0,0,5,3
1072,1062,7,2022,1,100312,14026,15,3,3,9,0,5,3
1073,1086,2,2023,1,112483,20422,29,5,2,12,0,5,4
1074,1210,6,2024,2,27963,9244,37,7,4,35,0,3,1
1075,1078,2,2023,8,97322,713,5,3,5,8,0,1,2
1076,1202,7,2022,7,38866,23644,6,4,5,13,0,5,2
1077,1302,1,2024,10,57305,11080,4,3,3,35,0,2,3
1078,1397,6,2023,9,87403,23395,6,6,4,9,1,4,4
1079,1223,7,2024,5,107896,25263,33,0,5,39,0,2,5
1080,1222,5,2024,2,57813,8521,31,5,2,22,0,2,1
1081,1003,8,2024,7,91729,1746,12,0,4,34,0,3,2
1082,1006,2,2023,8,85686,17591,29,6,3,6,0,1,1
1083,1093,5,2023,12,29512,26718,24,6,3,34,0,3,1
1084,1008,6,2023,7,47666,17168,20,3,3,1,0,1,1
1085,1235,6,2022,7,41630,2696,20,2,2,14,0,5,4
1086,1108,2,2024,12,99519,12012,27,2,4,8,0,3,4
1087,1161,5,2022,5,25636,14688,19,6,3,16,1,4,4
1088,1209,3,2023,2,28775,23457,33,2,3,38,0,1,3
1089,1240,5,2024,6,92957,5036,4,5,2,17,1,3,4
1090,1331,6,2023,4,89591,7127,17,1,5,14,0,4,3
1091,1333,5,2023,10,103561,29960,38,4,3,17,0,2,2
1092,1050,8,2023,2,99816,3718,10,3,4,23,0,5,2
1093,1011,7,2024,12,36351,22159,16,1,4,22,0,5,2
1094,1351,1,2023,9,80184,7910,21,2,3,11,0,2,2
1095,1156,8,2024,7,94180,2693,36,3,3,22,0,3,2
1096,1070,3,2022,6,106678,17009,19,1,4,20,0,2,4
1097,1169,4,2024,12,98309,15858,5,0,2,25,0,4,5
1098,1272,7,2024,5,119002,28810,33,2,2,7,0,1,4
1099,1068,1,2022,3,35778,20092,13,7,4,29,0,3,5
1100,1355,4,2023,12,37501,23243,22,1,3,33,0,1,4
1101,1252,2,2022,10,27108,15932,19,7,3,1,0,2,2
1102,1048,4,2024,10,119905,25337,12,5,3,4,0,5,1
1103,1184,7,2023,4,61382,7692,31,0,3,30,0,1,5
1104,1320,5,2023,3,116354,28555,25,2,4,32,0,1,1
1105,1187,7,2022,12,100787,6398,13,4,4,3,0,5,2
1106,1090,8,2022,11,48341,7252,35,6,4,5,0,1,5
1107,1332,4,2022,8,102214,11721,7,2,4,22,0,1,1
1108,1139,6,2023,3,39367,17939,39,7,3,18,0,5,4
1109,1357,1,2023,7,94868,11825,21,5,3,7,0,5,2
1110,1089,1,2024,7,37002,25251,21,4,3,38,0,2,4
1111,1274,4,2023,7,110820,4187,15,4,3,12,0,2,4
1112,1019,1,2023,7,84949,24151,26,4,5,0,0,1,2
1113,1311,6,2024,2,40700,29764,9,3,4,5,0,3,5
1114,1358,7,2024,10,104305,36,24,3,3,6,1,2,3
1115,1374,1,2024,3,87543,28412,30,7,1,26,1,2,3
1116,1154,4,2023,10,54318,18171,20,6,1,14,0,3,2
1117,1390,3,2022,9,114859,6283,26,4,3,33,0,3,3
1118,1260,3,2022,3,52610,15202,16,6,2,22,0,5,1
1119,1108,2,2024,2,97499,8060,32,0,4,23,0,2,5
1120,1371,8,2022,9,98374,27303,30,4,5,14,0,4,4
1121,1285,1,2023,10,90226,8065,25,1,4,34,1,4,4
1122,1059,8,2023,9,70167,29873,20,4,3,3,0,1,2
1123,1125,7,2023,4,102779,3880,35,7,3,36,0,2,4
1124,1354,4,2023,12,52939,5932,0,3,4,16,1,4,1
1125,1273,1,2022,9,86365,26470,3,3,4,30,0,2,1
1126,1107,5,2023,3,92381,8328,3,1,4,37,0,2,2
1127,1299,6,2023,7,71710,6333,25,1,5,9,0,4,4
1128,1245,1,2024,7,41766,22143,3,2,4,26,0,2,3
1129,1336,1,2024,11,37780,22869,8,0,4,5,0,3,3
1130,1247,8,2024,8,73458,13870,29,0,2,5,0,1,5
1131,1008,8,2024,10,81221,11268,3,7,4,14,0,5,2
1132,1141,3,2023,4,26509,5067,4,7,3,3,1,4,5
1133,1362,6,2022,3,114493,15616,22,7,3,39,0,5,3
1134,1008,4,2023,3,59346,12075,15,7,4,6,0,1,3
1135,1352,1,2023,12,107799,17045,21,7,3,25,0,3,3
1136,1094,3,2023,5,71874,7973,36,7,2,30,0,3,5
1137,1321,8,2023,11,51148,22770,7,0,1,1,0,3,2
1138,1039,2,2023,1,56533,10002,32,5,1,27,1,3,1
1139,1081,6,2023,10,103467,7887,37,3,1,12,0,4,1
1140,1187,3,2023,3,26359,414,15,0,2,17,0,4,3
1141,1084,3,2022,6,115068,6850,4,7,3,29,0,2,2
1142,1088,7,2024,3,85313,24918,15,2,3,10,0,2,2
1143,1242,3,2022,5,45344,2729,6,2,5,12,0,1,4
1144,1342,7,2022,9,94778,28026,0,0,3,23,0,2,4
1145,1093,1,2023,2,45601,28241,8,1,2,28,1,1,5
1146,1086,1,2023,11,44116,11929,17,2,4,4,0,1,4
1147,1044,8,2023,2,81985,14988,2,6,5,34,0,1,5
1148,1137,2,2022,12,55782,3897,23,1,4,18,0,3,1
1149,1074,5,2023,6,74819,28817,27,6,3,12,0,5,3
1150,1036,5,2023,6,109416,28994,9,3,4,4,0,5,2
1151,1101,5,2024,11,94035,2169,8,5,4,13,0,4,1
1152,1156,8,2024,11,69458,13563,12,2,4,37,0,1,1
1153,1255,7,2023,8,116556,18262,34,1,4,21,0,3,5
1154,1171,8,2023,12,33080,28546,22,7,5,8,0,2,3
1155,1216,6,2024,11,113743,22838,16,6,5,39,1,2,5
1156,1170,6,2022,2,58957,12888,6,0,4,25,0,4,1
1157,1252,2,2023,9,38908,4570,15,6,3,4,0,4,2
1158,1360,6,2023,2,115570,27193,39,6,4,28,0,1,4
1159,1322,5,2024,1,116324,1515,35,3,4,21,0,1,5
1160,1055,5,2022,10,103287,16958,19,4,1,2,1,2,1
1161,1091,8,2023,2,72482,12634,23,4,5,27,0,2,4
1162,1278,3,2024,12,63314,19251,4,0,3,37,0,2,4
1163,1101,6,2023,7,99921,13798,5,3,3,13,0,2,1
1164,1155,8,2022,8,108768,19928,27,3,5,13,0,5,3
1165,1377,1,2024,5,40831,4477,4,7,3,10,0,1,1
1166,1349,1,2023,6,45125,29975,38,3,3,8,0,1,2
1167,1364,3,2023,12,87451,16455,37,3,2,37,0,2,4
1168,1141,3,2022,1,70708,27144,1,4,3,5,0,3,2
1169,1173,3,2023,6,42682,28013,38,1,3,0,1,2,5
1170,1010,8,2023,12,107824,19364,20,3,3,24,0,4,4
1171,1228,1,2022,8,60794,25693,39,1,3,15,0,3,3
1172,1265,5,2022,3,84372,21876,36,6,5,14,0,4,1
1173,1248,3,2024,11,64477,26962,17,6,5,33,0,3,5
1174,1247,2,2022,1,78863,28084,11,3,2,16,0,4,2
1175,1155,7,2022,11,114941,9551,16,2,4,2,0,2,5
1176,1034,8,2023,4,63737,21143,36,5,2,2,0,2,3
1177,1129,3,2024,1,27620,26091,37,2,1,36,0,3,1
1178,1160,7,2022,8,60057,24468,14,6,2,16,0,4,5
1179,1089,4,2023,5,65138,14179,6,5,5,37,0,5,2
1180,1093,3,2022,1,104390,39,13,2,5,0,1,3,5
1181,1327,1,2022,8,78024,25958,0,3,3,6,0,3,1
1182,1241,6,2022,9,34677,10222,37,1,3,25,0,1,5
1183,1323,3,2024,10,69111,27197,2,5,3,38,0,3,2
1184,1117,8,2022,2,49074,21757,36,4,4,18,0,5,1
1185,1094,6,2022,9,42824,29637,30,0,4,29,1,2,3
1186,1163,4,2023,8,25765,23949,12,5,3,13,0,4,3
1187,1099,2,2024,7,70439,16116,17,5,4,12,0,1,4
1188,1113,6,2022,3,73926,18284,16,4,3,19,1,4,5
1189,1359,7,2023,2,61860,18601,16,3,5,25,0,2,2
1190,1091,5,2022,7,37975,16049,10,2,4,26,0,3,5
1191,1346,3,2023,5,99877,4796,19,2,3,24,1,5,1
1192,1206,4,2023,6,118677,4606,9,6,4,8,0,1,4
1193,1017,4,2023,4,102870,17667,28,1,4,11,0,5,2
1194,1274,6,2023,2,106371,8775,33,3,3,9,0,5,5
1195,1173,2,2023,9,51548,29655,16,4,3,5,0,5,2
1196,1116,1,2022,3,115575,25034,12,3,5,33,0,5,1
1197,1349,3,2023,12,63736,14864,38,3,3,18,0,2,4
1198,1181,4,2022,7,86562,14193,26,2,1,5,0,5,2
1199,1091,2,2024,8,65409,14676,25,4,3,1,0,5,1
1200,1082,5,2024,2,109101,10457,27,7,4,14,0,2,3
1201,1324,4,2024,6,34834,27242,12,0,4,16,0,4,2
1202,1114,2,2024,11,25840,17199,11,5,5,15,1,2,4
1203,1257,8,2023,8,104409,16044,27,2,4,27,0,3,2
1204,1058,1,2024,7,56568,15066,1,4,2,20,0,2,2
1205,1154,1,2022,11,35846,18895,36,1,4,7,0,4,1
1206,1365,4,2023,3,30899,246,33,5,4,9,0,3,5
1207,1116,7,2023,1,111038,21209,22,5,2,9,0,3,5
1208,1343,4,2023,6,91101,6516,28,7,3,9,0,1,2
1209,1266,6,2024,8,63773,16800,34,7,1,8,0,5,4
1210,1315,3,2022,6,99723,13342,10,2,4,27,0,3,4
1211,1203,2,2023,5,97762,29039,32,6,5,23,0,3,1
1212,1041,4,2024,11,29311,23086,10,1,4,18,0,4,2
1213,1105,3,2022,12,81888,20101,8,2,5,32,1,3,2
1214,1389,6,2023,8,66616,16491,13,3,2,3,0,4,5
1215,1378,8,2024,2,77134,27207,8,6,5,2,0,5,1
1216,1193,8,2023,12,116225,9030,38,4,4,11,1,1,3
1217,1278,3,2023,1,31083,20897,2,7,3,17,1,1,4
1218,1354,4,2022,1,37598,29492,28,1,5,22,1,5,4
1219,1237,1,2023,4,107476,1421,18,5,3,19,0,5,2
1220,1221,2,2024,6,117416,12970,35,2,5,5,0,2,1
1221,1068,2,2023,9,27580,7283,31,7,5,33,0,3,3
1222,1197,8,2023,1,82395,28488,6,5,4,1,0,3,4
1223,1256,8,2022,12,67321,15945,27,1,4,29,0,3,1
1224,1139,1,2022,1,34386,255,17,7,2,8,0,4,3
1225,1312,7,2024,5,78171,23632,4,7,4,26,0,2,2
1226,1149,4,2023,10,44522,11019,22,5,3,33,0,3,5
1227,1099,8,2023,5,90532,15487,21,2,4,39,0,4,4
1228,1076,8,2022,5,116760,9029,25,6,4,23,0,4,4
1229,1282,8,2023,10,39635,19346,11,2,5,16,0,1,3
1230,1371,2,2024,6,25671,2282,39,0,1,28,0,4,5
1231,1109,4,2023,8,58545,8744,18,7,4,35,0,5,1
1232,1188,6,2022,3,79079,24756,0,5,5,11,0,4,2
1233,1199,4,2023,9,51855,28828,2,0,4,30,0,5,1
1234,1303,3,2024,1,60790,17861,26,6,2,8,0,5,3
1235,1327,1,2023,4,76012,25146,17,0,2,18,1,1,4
1236,1154,7,2024,9,39260,21336,29,5,1,16,0,1,4
1237,1040,8,2023,8,90139,22264,1,1,4,1,0,4,1
1238,1133,8,2024,10,26074,9919,4,3,4,39,0,1,2
1239,1132,4,2023,9,67676,13335,28,6,5,4,0,1,3
1240,1279,7,2022,1,34475,21976,32,2,3,38,0,3,2
1241,1362,8,2023,9,103414,23475,19,4,3,15,0,4,3
1242,1084,7,2022,3,40120,591,29,6,4,16,1,4,2
1243,1399,6,2024,11,48147,6277,4,0,4,26,0,4,1
1244,1242,5,2024,12,26986,29092,20,1,5,6,0,1,5
1245,1116,1,2023,10,57430,2260,14,5,4,7,1,1,3
1246,1109,7,2023,9,80479,11139,19,1,3,7,0,5,1
1247,1221,2,2022,1,107966,347,7,1,4,22,0,2,4
1248,1392,3,2024,1,27176,24741,30,5,5,31,0,2,4
1249,1041,2,2023,9,109258,21416,11,4,3,17,1,2,2
1250,1368,8,2022,11,109153,4443,20,5,3,37,1,3,4
1251,1147,6,2023,6,86918,11088,29,4,3,11,1,1,5
1252,1112,6,2022,4,52115,29069,26,5,1,14,0,5,3
1253,1103,2,2023,7,102442,8774,25,0,4,27,0,5,2
1254,1046,1,2023,5,65002,6869,32,4,2,37,0,2,3
1255,1324,2,2022,10,82124,28082,25,0,3,30,0,3,3
1256,1378,4,2024,7,31610,22080,25,6,3,8,1,3,1
1257,1271,8,2022,8,74752,28979,35,4,4,7,1,2,4
1258,1385,8,2022,8,103947,19422,39,4,3,18,0,2,3
1259,1195,2,2022,1,99716,2845,0,5,4,7,0,1,5
1260,1367,3,2024,8,72993,24248,14,4,2,33,0,3,5
1261,1280,3,2023,6,35073,27342,0,0,2,3,0,5,4
1262,1283,8,2023,4,62251,22993,10,7,3,30,0,2,4
1263,1040,5,2022,12,96437,12386,1,6,3,37,0,1,2
1264,1189,3,2022,8,63897,1265,0,7,3,2,0,5,2
1265,1164,2,2023,3,75906,12445,30,5,2,34,0,3,2
1266,1024,3,2024,4,76616,29225,15,2,5,18,0,2,4
1267,1024,8,2024,6,29482,12938,21,6,4,28,1,2,3
1268,1004,1,2022,11,115964,11159,17,7,2,9,0,1,1
1269,1323,7,2023,7,97936,2274,16,6,2,11,1,1,2
1270,1290,3,2024,4,64574,18854,29,7,5,29,0,3,1
1271,1181,4,2023,4,68284,10482,9,0,4,29,0,2,5
1272,1248,1,2024,7,97932,18961,34,7,3,17,0,1,4
1273,1116,5,2022,6,32338,20044,20,6,4,23,0,2,5
1274,1279,4,2024,11,67718,1068,15,2,4,31,0,3,2
1275,1365,2,2024,8,37500,21975,5,1,4,8,0,2,3
1276,1069,7,2024,1,36545,14706,2,5,3,23,0,5,2
1277,1351,2,2023,10,86480,5974,20,1,3,25,0,2,1
1278,1254,7,2023,11,30241,10928,12,5,1,2,0,4,2
1279,1181,7,2024,7,114314,21213,17,6,5,22,0,4,3
1280,1318,2,2022,12,47821,1950,23,5,4,10,0,3,3
1281,1169,4,2023,7,29695,24667,26,7,3,9,0,3,4
1282,1313,4,2024,11,102066,19477,3,0,5,35,0,3,4
1283,1249,7,2024,7,39318,10411,21,2,5,12,0,5,3
1284,1188,4,2024,7,75934,21695,23,5,5,28,1,5,3
1285,1054,7,2022,10,47331,13388,39,2,5,37,0,2,1
1286,1326,8,2024,10,77672,29976,9,5,5,12,1,1,2
1287,1357,7,2024,8,116891,17771,1,2,3,25,0,4,4
1288,1313,8,2022,9,101860,4274,39,1,4,19,0,4,1
1289,1138,1,2023,9,118685,2285,5,0,4,4,0,4,2
1290,1168,6,2022,2,93754,19590,17,5,3,19,0,2,4
1291,1391,1,2023,7,110677,19308,16,3,2,13,0,2,1
1292,1103,2,2024,7,27837,7045,37,2,5,13,0,3,5
1293,1085,6,2023,4,65077,24855,22,2,3,7,0,1,5
1294,1317,3,2024,9,104915,29714,29,7,5,12,0,3,4
1295,1212,2,2024,8,29239,1618,20,3,1,23,0,2,1
1296,1003,5,2023,12,111348,10979,9,0,1,14,0,5,2
1297,1384,1,2024,1,54669,8562,12,2,3,0,0,3,2
1298,1179,4,2023,2,73624,22280,11,0,3,21,1,2,1
1299,1342,1,2024,2,100147,27759,8,2,4,33,0,2,5
1300,1303,4,2022,12,29150,12026,3,6,4,39,1,5,1
1301,1332,6,2024,12,36109,7843,38,4,2,2,0,5,5
1302,1038,5,2022,11,51016,9895,23,6,3,25,0,5,5
1303,1239,6,2023,8,36936,26844,33,2,3,13,0,1,2
1304,1169,5,2024,1,36036,23447,38,4,3,7,0,2,4
1305,1397,1,2023,4,64236,24879,4,5,4,15,0,5,3
1306,1343,4,2023,10,39021,11966,14,0,3,20,0,1,1
1307,1314,6,2023,12,61943,17732,3,2,2,9,1,4,5
1308,1306,5,2024,5,106007,21940,38,7,3,24,0,4,1
1309,1030,7,2022,9,75016,5289,7,1,2,37,0,4,4
1310,1190,2,2022,7,48244,18806,23,7,2,21,1,2,4
1311,1357,2,2022,8,88027,20012,27,1,3,3,0,1,3
1312,1025,6,2023,11,63985,18812,26,3,5,3,0,1,3
1313,1112,4,2022,9,26502,3033,0,1,5,29,0,4,5
1314,1206,7,2023,7,78836,22541,33,4,4,1,0,3,3
1315,1185,6,2023,5,28770,8860,16,1,3,28,0,4,5
1316,1382,1,2022,5,67865,25075,36,1,3,35,1,2,2
1317,1379,5,2023,10,78811,7813,37,1,4,20,0,4,5
1318,1047,8,2024,11,29001,17798,25,2,4,20,0,4,3
1319,1374,1,2022,6,85848,13860,23,3,5,20,0,1,1
1320,1228,2,2023,5,77635,23092,38,0,2,3,0,4,3
1321,1039,5,2023,12,45946,25105,20,3,1,0,0,5,4
1322,1016,6,2023,11,91134,14294,29,7,4,25,0,5,3
1323,1022,1,2024,9,116103,23019,12,4,4,1,0,3,2
1324,1213,3,2023,3,117044,3621,36,2,4,8,1,2,5
1325,1310,8,2023,3,68744,28032,2,5,4,17,0,2,4
1326,1149,4,2022,7,64159,21699,31,2,5,10,0,1,5
1327,1241,7,2023,7,48671,17138,34,6,4,24,0,2,5
1328,1272,7,2023,6,41450,2347,18,1,5,25,0,3,3
1329,1059,4,2022,3,39908,29486,13,7,5,35,0,5,1
1330,1287,3,2023,7,82275,14882,21,1,4,34,0,1,4
1331,1202,2,2024,5,69358,17110,16,4,3,37,0,5,2
1332,1032,5,2023,7,74047,29402,3,5,3,2,0,3,2
1333,1162,4,2023,2,60518,4923,39,7,4,34,0,1,1
1334,1255,3,2024,6,82813,19033,18,6,3,39,0,4,1
1335,1254,6,2024,8,31806,26622,36,2,5,21,0,2,3
1336,1009,8,2023,1,65891,15611,1,5,2,7,1,3,2
1337,1139,7,2024,4,108551,15367,14,0,3,14,0,1,4
1338,1010,8,2024,11,64220,19199,1,3,4,6,0,5,1
1339,1214,3,2023,1,42158,9066,10,2,2,18,0,1,1
1340,1273,8,2023,1,105992,3279,22,5,3,39,0,4,1
1341,1324,2,2023,10,52588,19368,9,0,3,16,0,3,4
1342,1048,2,2024,12,87576,26754,2,0,4,0,0,1,2
1343,1111,1,2023,11,113027,3807,4,6,3,28,0,3,4
1344,1153,4,2022,8,49188,24260,2,6,5,12,1,3,4
1345,1123,1,2024,7,117615,22483,37,3,3,28,0,5,3
1346,1357,8,2023,12,83830,13965,12,0,5,5,0,2,1
1347,1102,7,2022,10,29019,16123,18,7,3,4,0,4,2
1348,1241,3,2023,1,37419,16991,39,4,3,33,0,1,3
1349,1321,5,2023,11,58697,22553,34,0,2,10,0,2,3
1350,1191,8,2024,2,109932,24174,23,5,1,8,0,5,5
1351,1217,5,2022,4,32973,21957,23,6,4,37,0,2,1
1352,1051,2,2024,1,111649,634,16,4,2,39,0,3,2
1353,1292,5,2023,3,36136,29881,39,7,3,8,0,3,2
1354,1081,5,2022,8,109739,12771,9,6,4,7,1,4,2
1355,1383,7,2024,8,87502,27303,1,7,3,39,0,1,1
1356,1088,5,2023,8,56285,17458,22,6,3,2,0,1,2
1357,1194,8,2022,6,48039,18298,5,6,4,12,0,5,4
1358,1104,3,2023,6,91720,14340,1,0,5,18,0,4,4
1359,1271,5,2024,5,113263,588,20,1,2,33,0,1,1
1360,1096,6,2023,9,84155,3231,34,0,3,31,0,3,2
1361,1379,5,2022,4,41911,6351,28,6,5,15,0,4,5
1362,1198,5,2022,10,25916,26880,6,4,1,35,0,2,5
1363,1001,1,2022,12,84052,29900,28,0,5,17,0,4,5
1364,1378,3,2024,12,94110,3838,36,6,1,13,1,4,4
1365,1167,8,2023,12,42790,1973,22,6,5,29,0,1,5
1366,1126,2,2022,7,108161,14346,32,0,3,1,0,5,2
1367,1313,1,2022,1,30206,5044,7,0,5,12,0,5,2
1368,1081,8,2023,9,110053,10247,11,4,3,26,0,1,5
1369,1251,4,2024,7,74950,11672,9,7,4,16,1,1,3
1370,1169,3,2023,10,81361,10271,14,0,2,30,0,1,5
1371,1073,6,2024,12,86451,22487,23,3,3,14,0,5,3
1372,1141,3,2023,9,62696,6683,25,5,4,19,0,1,1
1373,1070,4,2022,7,106641,22221,38,3,4,4,0,2,1
1374,1262,4,2024,2,93226,11244,2,4,5,6,0,2,2
1375,1340,4,2023,6,71728,29058,1,1,3,17,0,3,4
1376,1308,7,2024,10,80401,25827,5,3,5,10,0,2,2
1377,1245,2,2024,12,91226,6783,20,7,3,31,0,4,2
1378,1003,5,2022,11,50103,5594,8,6,5,26,0,3,4
1379,1337,3,2022,4,59263,28371,9,5,5,25,0,2,2
1380,1063,8,2024,3,101621,3822,35,2,3,36,0,4,4
1381,1049,7,2022,2,75044,28878,2,5,5,27,1,2,2
1382,1076,8,2022,6,82730,3389,23,3,4,1,0,4,1
1383,1368,5,2022,8,50825,5914,21,2,3,19,1,1,3
1384,1175,5,2022,6,101256,18164,13,4,4,3,0,4,2
1385,1109,6,2024,9,62271,27180,26,7,2,12,0,1,3
1386,1183,4,2022,5,102256,3688,32,5,4,23,0,4,5
1387,1192,2,2023,2,71732,14683,21,1,3,37,0,4,2
1388,1065,6,2023,8,91433,13080,28,2,2,39,0,2,1
1389,1337,1,2023,9,107630,9916,18,2,3,28,0,4,4
1390,1271,7,2022,10,48572,23595,18,5,4,35,0,2,1
1391,1100,7,2024,4,63546,29677,5,3,5,1,0,4,3
1392,1032,2,2022,6,40150,27360,18,2,5,17,0,5,4
1393,1352,5,2024,11,79165,5037,12,4,3,7,0,3,1
1394,1128,8,2024,10,88690,13453,25,5,2,14,0,2,1
1395,1369,7,2023,8,78664,28295,21,4,4,16,0,2,1
1396,1339,2,2023,9,107335,22703,20,5,4,22,0,1,4
1397,1043,7,2023,12,100199,26253,35,4,3,1,0,5,1
1398,1372,7,2023,5,61948,8640,1,3,3,5,0,1,1
1399,1078,4,2024,12,62030,29263,29,5,4,28,0,5,3
1400,1314,1,2024,6,52007,81,26,7,3,26,0,5,1
1401,1289,4,2023,11,116207,6278,6,6,4,36,0,4,1
1402,1270,1,2023,4,115921,16078,19,1,4,33,1,1,5
1403,1162,7,2024,5,101772,23383,30,3,5,17,0,3,4
1404,1189,6,2024,7,47024,15536,22,4,4,9,1,5,5
1405,1247,8,2023,9,64384,17790,12,7,3,37,0,5,3
1406,1388,5,2023,10,107912,7410,16,5,5,16,1,2,5
1407,1216,7,2022,11,43157,15926,3,3,4,12,0,4,2
1408,1315,1,2024,6,110481,15500,13,4,3,26,0,3,4
1409,1339,1,2022,6,113553,1480,19,0,4,1,0,5,1
1410,1390,1,2023,8,26756,9271,12,0,3,33,0,2,5
1411,1377,7,2022,11,93112,3598,2,2,4,30,0,1,5
1412,1168,2,2022,4,116003,15032,25,1,3,22,1,5,1
1413,1339,6,2023,3,83051,7993,25,0,4,6,1,2,1
1414,1193,2,2024,7,89595,29090,17,6,2,37,0,1,3
1415,1283,5,2022,5,103210,20567,31,4,3,32,1,4,5
1416,1336,7,2023,2,68094,20064,13,3,5,11,1,1,5
1417,1390,1,2022,2,112889,10895,2,5,4,11,0,5,2
1418,1013,6,2022,11,29535,15367,0,3,3,18,0,3,2
1419,1240,6,2023,6,81035,7644,25,2,3,8,0,1,5
1420,1320,3,2023,8,72367,20694,23,7,3,9,0,3,2
1421,1147,5,2022,1,42118,11948,34,3,4,16,0,3,5
1422,1204,8,2023,11,84812,18142,13,0,4,39,0,1,4
1423,1080,8,2022,6,84884,2599,2,3,4,38,0,4,3
1424,1379,6,2023,12,91168,22000,12,0,4,9,0,1,2
1425,1043,7,2024,2,38280,5813,13,0,4,11,0,2,5
1426,1089,1,2024,2,39746,27126,20,1,3,14,0,3,2
1427,1148,1,2023,7,78251,3853,25,2,2,30,0,5,3
1428,1095,6,2023,10,109821,27322,2,6,4,14,0,3,4
1429,1151,2,2024,1,108583,18676,39,6,5,27,0,5,1
1430,1002,5,2022,6,35207,1501,3,4,4,3,0,2,1
1431,1376,1,2024,7,96127,28980,35,6,4,35,0,2,2
1432,1022,6,2024,8,52757,8422,0,0,4,0,0,2,5
1433,1371,1,2022,7,41226,7550,39,5,5,33,1,1,3
1434,1313,8,2022,6,86407,4250,32,2,3,16,0,3,4
1435,1328,6,2024,9,52206,25774,6,4,3,38,0,5,4
1436,1007,5,2023,3,45256,6991,10,6,5,37,0,2,4
1437,1206,6,2022,11,58822,16498,26,6,5,32,0,2,1
1438,1375,3,2022,6,66340,25989,13,5,3,20,0,5,3
1439,1114,6,2023,4,77234,4406,21,3,3,25,0,3,1
1440,1272,6,2023,2,68351,25568,15,2,3,35,0,3,2
1441,1083,7,2024,1,73671,18731,11,5,2,4,1,5,4
1442,1179,8,2024,12,100320,1041,9,6,5,32,0,4,3
1443,1210,5,2022,12,60157,6927,23,2,3,0,0,3,4
1444,1328,7,2023,1,44937,16395,17,2,5,5,0,5,1
1445,1124,6,2023,11,79290,24364,21,6,3,36,1,5,1
1446,1113,5,2023,10,71707,7871,8,3,4,1,0,2,1
1447,1012,3,2022,3,36219,6375,16,3,1,4,0,5,4
1448,1126,5,2024,4,34399,23482,37,6,4,25,0,1,3
1449,1053,1,2024,2,52657,3676,39,2,4,12,0,2,3
1450,1331,7,2023,12,45047,22493,12,5,4,11,0,2,2
1451,1389,5,2023,11,101095,13017,36,1,2,4,0,3,4
1452,1283,8,2022,11,110693,21781,5,0,3,1,0,4,2
1453,1140,3,2023,11,97154,3065,20,3,2,3,0,3,2
1454,1390,4,2023,1,69891,2036,35,6,3,26,0,1,2
1455,1097,6,2023,4,31780,3046,6,7,4,9,0,2,2
1456,1005,5,2024,7,52050,26926,35,1,4,12,0,2,1
1457,1057,6,2023,10,98551,16924,24,3,4,1,0,5,2
1458,1334,2,2023,11,93666,27436,10,7,4,25,1,4,3
1459,1069,1,2024,6,118619,76,13,2,3,14,0,4,2
1460,1118,7,2022,6,107016,19451,28,6,3,9,0,5,1
1461,1376,1,2023,11,78010,15880,9,1,2,21,0,1,5
1462,1059,2,2023,9,63165,16407,4,6,4,39,0,4,5
1463,1033,2,2023,2,36528,21518,7,5,4,24,0,2,5
1464,1318,7,2024,4,74608,17059,4,5,3,14,0,1,4
1465,1050,5,2023,5,30914,23052,23,4,3,12,1,3,3
1466,1368,2,2024,1,62136,26970,39,0,5,7,0,3,1
1467,1019,4,2023,8,36179,4267,25,0,4,20,0,1,5
1468,1214,6,2023,8,111008,5988,5,3,4,20,0,2,1
1469,1197,6,2024,6,37076,27974,15,0,3,21,0,3,1
1470,1379,3,2022,12,49783,27335,35,6,3,32,0,2,4
1471,1047,8,2022,5,71716,24036,11,6,5,26,0,5,5
1472,1167,2,2023,8,75298,8680,10,4,4,39,0,4,2
1473,1289,2,2022,3,79304,1485,2,7,3,21,1,1,1
1474,1141,4,2022,3,104360,14713,36,5,4,29,0,4,5
1475,1084,1,2023,2,94835,20043,5,7,4,8,0,5,1
1476,1182,1,2023,5,33118,27811,18,7,3,34,0,3,4
1477,1391,6,2023,3,101292,2419,17,1,3,17,0,2,4
1478,1079,6,2024,3,81911,24124,15,1,3,4,0,2,2
1479,1215,5,2023,6,98489,23527,22,5,2,26,1,5,4
1480,1014,7,2024,8,40185,15312,36,2,4,5,0,1,5
1481,1215,8,2022,2,66792,3495,8,5,3,31,0,4,4
1482,1128,4,2023,4,105210,17140,2,1,4,7,1,3,2
1483,1310,7,2024,11,75613,10716,7,7,5,38,0,1,3
1484,1248,7,2023,7,58927,12442,37,3,2,20,0,5,1
1485,1029,3,2024,1,25386,24832,3,4,3,17,0,5,1
1486,1280,7,2023,1,117153,18163,11,7,4,13,0,2,5
1487,1338,3,2022,12,97728,12961,30,5,4,14,0,3,2
1488,1319,7,2023,10,101281,10307,24,2,4,25,0,1,2
1489,1202,4,2023,7,55020,6487,15,7,3,31,1,2,2
1490,1361,3,2024,7,67678,27924,13,3,3,38,0,3,1
1491,1057,1,2022,1,111695,29344,12,5,4,27,0,4,4
1492,1392,3,2024,1,86394,9664,6,3,5,38,0,4,1
1493,1218,3,2024,4,93945,16360,11,7,3,31,1,2,1
1494,1062,4,2022,5,81414,16642,36,5,5,12,0,1,1
1495,1157,4,2023,5,79816,4075,3,3,3,14,0,3,4
1496,1202,3,2024,4,80918,24882,1,6,5,17,0,4,3
1497,1017,8,2024,8,116281,24398,34,0,4,38,0,4,5
1498,1322,2,2023,7,87694,17502,2,3,3,5,0,1,3
1499,1006,8,2023,9,54455,15285,3,6,4,10,0,2,3
1500,1058,4,2023,7,63735,7631,37,7,3,31,1,5,1
1501,1325,8,2023,10,119702,3017,11,0,3,39,0,3,3
1502,1318,8,2022,1,118608,20725,18,1,2,19,0,4,1
1503,1169,5,2024,7,37109,27356,9,0,2,32,0,5,1
1504,1082,5,2022,1,70802,18042,0,3,3,39,0,1,5
1505,1219,1,2022,7,93020,24762,16,4,4,7,1,2,2
1506,1177,7,2023,10,59622,18181,15,4,4,34,0,3,1
1507,1204,3,2023,8,27597,25500,8,1,2,4,0,1,3
1508,1071,2,2023,11,65597,784,8,3,5,34,0,2,5
1509,1387,1,2023,9,65954,28020,8,0,4,13,0,1,3
1510,1266,3,2023,12,94519,5691,11,4,5,20,1,4,2
1511,1098,8,2022,3,81115,15765,14,5,4,23,0,4,4
1512,1345,4,2023,4,68151,3196,1,2,3,16,0,5,2
1513,1291,5,2024,4,42040,9552,10,3,3,17,0,1,5
1514,1208,6,2023,12,69772,8532,10,6,4,33,0,4,2
1515,1002,2,2023,9,88832,16946,7,6,1,11,0,2,2
1516,1124,8,2023,7,52916,4746,31,5,1,15,0,5,5
1517,1280,6,2024,3,69871,2999,5,5,2,3,0,3,5
1518,1074,5,2022,10,51372,17577,19,3,3,24,0,1,3
1519,1166,8,2023,5,86707,11302,38,2,3,33,0,4,1
1520,1022,7,2024,7,64080,16452,34,4,3,27,0,2,4
1521,1154,7,2023,8,67722,15595,7,2,2,10,0,1,4
1522,1295,6,2022,1,54048,22063,33,1,4,12,0,2,4
1523,1219,4,2023,12,110205,18812,18,0,4,30,0,5,2
1524,1157,8,2022,2,34777,6200,6,0,3,24,0,4,5
1525,1230,3,2023,7,79711,5396,30,5,1,38,0,4,5
1526,1020,8,2024,11,61331,23377,17,4,2,9,0,5,5
1527,1041,4,2022,2,45968,13410,39,2,3,23,0,2,1
1528,1148,8,2024,7,78969,13203,13,5,3,0,0,1,5
1529,1108,6,2022,9,36292,3598,38,3,3,24,0,2,5
1530,1084,4,2024,11,65794,10564,35,5,4,27,0,1,2
1531,1367,5,2023,2,104459,12748,16,3,4,35,0,5,3
1532,1322,2,2022,7,75192,25419,36,3,3,17,0,3,4
1533,1309,4,2022,4,52703,16957,8,1,3,5,0,1,2
1534,1290,8,2024,11,109193,20598,19,1,4,1,0,4,2
1535,1323,5,2022,2,94165,7636,27,3,5,2,0,4,2
1536,1134,2,2022,7,92650,27172,19,7,4,7,0,4,4
1537,1207,7,2023,5,81516,29317,35,4,4,30,0,2,2
1538,1283,3,2023,1,116110,17862,26,1,3,18,0,2,3
1539,1266,6,2023,5,47257,10265,7,1,3,5,0,2,5
1540,1073,8,2022,12,108509,9705,31,0,5,13,0,4,3
1541,1352,8,2022,12,116273,22511,0,5,1,2,0,1,5
1542,1048,7,2022,3,76672,29703,16,0,5,0,0,4,5
1543,1326,3,2022,7,88308,25544,8,4,4,29,0,1,2
1544,1233,7,2023,6,102583,14298,19,1,4,18,0,2,2
1545,1100,1,2024,8,47113,23060,31,6,1,18,0,3,4
1546,1059,7,2022,5,25694,18580,1,7,4,8,0,2,1
1547,1258,5,2023,2,40588,9703,31,1,3,6,0,5,3
1548,1065,2,2023,9,86756,13336,8,2,2,36,1,1,4
1549,1083,8,2024,11,89085,8166,29,4,3,6,0,3,4
1550,1154,7,2024,8,86142,25230,19,6,5,8,1,2,3
1551,1266,8,2024,6,89373,16116,37,5,4,3,0,3,3
1552,1309,4,2022,10,110603,6050,0,5,3,24,0,4,5
1553,1079,3,2022,7,31704,11184,4,6,2,11,0,1,1
1554,1315,7,2023,9,65136,21034,34,5,4,5,1,5,2
1555,1150,2,2022,7,92507,12712,35,7,4,17,0,4,1
1556,1048,5,2023,3,72361,8484,0,6,4,39,0,3,1
1557,1379,1,2024,6,83847,29880,13,4,4,20,0,2,2
1558,1248,8,2024,11,36441,27177,8,6,3,14,0,1,1
1559,1278,3,2024,11,39677,20910,29,6,4,2,0,5,4
1560,1356,6,2023,7,52818,20796,23,2,3,1,0,2,4
1561,1098,2,2023,2,26868,29069,3,2,5,39,0,5,2
1562,1025,6,2023,3,108591,21827,13,0,4,3,0,1,2
1563,1284,2,2022,4,92264,26164,24,4,3,31,0,3,3
1564,1369,2,2024,10,98168,25171,3,4,3,1,0,5,3
1565,1301,5,2022,6,37043,2593,24,2,4,28,0,1,1
1566,1068,5,2023,1,96939,10315,9,3,3,1,1,5,1
1567,1007,5,2023,9,40732,15200,34,3,3,33,1,2,2
1568,1305,7,2023,5,80244,26519,6,0,4,26,0,5,1
1569,1137,4,2024,12,43526,9107,12,7,3,38,0,2,5
1570,1164,2,2023,7,34340,23236,3,3,4,37,0,2,4
1571,1083,3,2024,9,47394,23013,35,3,2,17,1,1,1
1572,1385,6,2022,9,29102,3869,13,3,4,35,0,4,1
1573,1138,5,2023,1,44159,15447,17,7,2,18,0,5,3
1574,1073,7,2024,1,90092,27370,7,1,1,26,0,3,5
1575,1237,5,2023,3,31212,29927,31,0,5,19,0,2,1
1576,1046,6,2024,6,62405,27654,26,2,4,20,0,4,4
1577,1106,6,2022,2,102061,7971,36,3,3,22,0,2,1
1578,1288,8,2023,10,119296,25551,22,5,3,29,0,4,2
1579,1262,2,2023,12,80186,25651,6,6,4,24,0,4,5
1580,1176,5,2024,11,69239,24206,11,1,4,30,0,3,1
1581,1166,6,2022,1,117993,2989,24,7,5,26,0,4,5
1582,1145,4,2024,1,35532,23446,2,7,5,33,0,3,1
1583,1330,4,2023,5,104054,28043,25,7,4,7,0,1,4
1584,1370,5,2022,4,97012,5340,3,3,3,18,0,2,4
1585,1283,7,2023,1,110279,9643,35,6,3,25,1,3,5
1586,1054,6,2023,4,91540,3823,14,6,4,27,0,2,3
1587,1178,8,2023,3,28271,13454,31,1,2,3,0,5,3
1588,1244,2,2024,2,70482,3932,28,0,3,30,0,1,2
1589,1341,2,2023,9,25209,10220,9,7,2,15,0,5,3
1590,1127,7,2023,11,115999,8554,20,5,2,9,0,5,5
1591,1367,8,2023,1,30539,2429,15,5,3,37,0,4,3
1592,1271,2,2022,7,44977,28208,18,5,3,9,0,4,2
1593,1132,8,2022,4,99142,7444,28,7,4,8,0,5,1
1594,1093,1,2023,5,93684,10510,17,3,3,38,0,4,3
1595,1379,5,2023,10,30607,11277,15,1,3,35,0,2,5
1596,1073,2,2022,5,110122,10537,0,7,2,35,0,4,5
1597,1248,4,2023,1,119786,7147,1,5,4,18,1,5,2
1598,1348,6,2023,6,76939,7631,14,6,3,18,0,4,2
1599,1273,8,2022,9,43594,3598,38,7,4,11,0,4,4
1600,1043,8,2023,2,83382,4329,27,6,5,12,0,3,4
